CHOSEN_VIDEO_ID,CHOSEN_VIDEO_RATING,NOT_CHOSEN_VIDEO_ID,NOT_CHOSEN_VIDEO_RATING,EMOTION_NAME,CONFIDENCE_RATING,CHOSEN_VIDEO_VAR,NOT_CHOSEN_VIDEO_VAR,VALUE_DIFFERENCE,SUMMED_VARIABILITY,SUMMED_VALUE,CONSISTENT_CHOICE,SUBJECT_ID
648,3.765,1679,4.625,anxiety,4.65,0.8414570696119918,0.120208152801713,0.8599999999999999,0.9616652224137048,8.39,0,4G1tK8qkj0PHUfED8hXzqbo49BC2
190,4.37,1679,4.625,anxiety,,0.4101219330881976,0.120208152801713,0.2549999999999999,0.5303300858899106,8.995000000000001,0,4G1tK8qkj0PHUfED8hXzqbo49BC2
1191,4.265000000000001,1206,3.93,joy,,0.7848885271170679,0.8909545442950497,0.3350000000000008,1.6758430714121175,8.195,1,4G1tK8qkj0PHUfED8hXzqbo49BC2
174,4.37,1850,3.18,joy,,1.0040916292848974,0.6222539674441617,1.19,1.6263455967290592,7.550000000000001,1,4G1tK8qkj0PHUfED8hXzqbo49BC2
648,3.765,1114,4.720000000000001,anxiety,5.44,0.8414570696119918,0.0424264068711925,0.9550000000000004,0.8838834764831844,8.485000000000001,0,4G1tK8qkj0PHUfED8hXzqbo49BC2
377,4.785,1037,3.62,anxiety,,0.388908729652601,0.8909545442950497,1.165,1.2798632739476508,8.405000000000001,1,4G1tK8qkj0PHUfED8hXzqbo49BC2
1365,3.2350000000000003,844,2.08,joy,,0.8697413408594534,0.2262741699796954,1.1550000000000002,1.0960155108391487,5.315,1,4G1tK8qkj0PHUfED8hXzqbo49BC2
1343,4.48,1365,3.2350000000000003,joy,,0.0707106781186551,0.8697413408594534,1.245,0.9404520189781086,7.715000000000001,1,4G1tK8qkj0PHUfED8hXzqbo49BC2
2060,3.03,844,2.08,joy,,0.0,0.2262741699796954,0.9499999999999996,0.2262741699796954,5.109999999999999,1,4G1tK8qkj0PHUfED8hXzqbo49BC2
1206,3.93,1171,4.79,joy,,0.8909545442950497,0.4666904755831215,0.8600000000000003,1.357645019878171,8.719999999999999,0,4G1tK8qkj0PHUfED8hXzqbo49BC2
1850,3.18,1580,2.235,joy,,0.6222539674441617,0.4454772721475248,0.9450000000000004,1.0677312395916867,5.415,1,4G1tK8qkj0PHUfED8hXzqbo49BC2
648,3.765,548,4.955,anxiety,5.55,0.8414570696119918,0.7283199846221434,1.19,1.5697770542341352,8.72,0,4G1tK8qkj0PHUfED8hXzqbo49BC2
2102,4.15,1365,3.2350000000000003,joy,,1.682914139223983,0.8697413408594534,0.915,2.5526554800834367,7.385000000000001,1,4G1tK8qkj0PHUfED8hXzqbo49BC2
1698,3.335,1206,3.93,joy,,0.2474873734152913,0.8909545442950497,0.5949999999999998,1.138441917710341,7.265,0,4G1tK8qkj0PHUfED8hXzqbo49BC2
460,4.9,1679,4.625,anxiety,,0.6363961030678924,0.120208152801713,0.2750000000000003,0.7566042558696054,9.525,1,4G1tK8qkj0PHUfED8hXzqbo49BC2
982,3.675,1191,4.265000000000001,joy,,0.1484924240491749,0.7848885271170679,0.5900000000000007,0.9333809511662428,7.94,0,4G1tK8qkj0PHUfED8hXzqbo49BC2
190,4.37,395,4.050000000000001,anxiety,,0.4101219330881976,0.7919595949289333,0.3199999999999994,1.2020815280171309,8.420000000000002,1,4G1tK8qkj0PHUfED8hXzqbo49BC2
722,5.12,758,3.95,anxiety,,0.6505382386916236,0.9899494936611668,1.17,1.6404877323527904,9.07,1,4G1tK8qkj0PHUfED8hXzqbo49BC2
982,3.675,2060,3.03,joy,,0.1484924240491749,0.0,0.645,0.1484924240491749,6.705,1,4G1tK8qkj0PHUfED8hXzqbo49BC2
969,3.575,1777,3.255,anxiety,,1.4354267658086912,0.4313351365237939,0.3200000000000003,1.866761902332485,6.83,1,4G1tK8qkj0PHUfED8hXzqbo49BC2
1343,4.48,1683,4.234999999999999,joy,,0.0707106781186551,0.0494974746830578,0.245000000000001,0.120208152801713,8.715,1,4G1tK8qkj0PHUfED8hXzqbo49BC2
1683,4.234999999999999,1698,3.335,joy,,0.0494974746830578,0.2474873734152913,0.8999999999999995,0.2969848480983492,7.569999999999999,1,4G1tK8qkj0PHUfED8hXzqbo49BC2
1698,3.335,844,2.08,joy,,0.2474873734152913,0.2262741699796954,1.255,0.4737615433949868,5.415,1,4G1tK8qkj0PHUfED8hXzqbo49BC2
1160,4.855,1281,1.835,joy,,0.1626345596729056,1.039446968344225,3.0200000000000005,1.2020815280171302,6.69,1,4G1tK8qkj0PHUfED8hXzqbo49BC2
2121,5.21,1737,4.625,anxiety,,0.1979898987322328,0.0636396103067891,0.585,0.261629509039022,9.835,1,4G1tK8qkj0PHUfED8hXzqbo49BC2
1898,2.065,1365,3.2350000000000003,joy,,0.6151828996322964,0.8697413408594534,1.1700000000000004,1.48492424049175,5.300000000000001,0,4G1tK8qkj0PHUfED8hXzqbo49BC2
1171,4.79,1743,1.79,joy,3.14,0.4666904755831215,0.240416305603426,3.0,0.7071067811865476,6.58,1,4G1tK8qkj0PHUfED8hXzqbo49BC2
452,4.54,1206,3.93,joy,,1.470782104868019,0.8909545442950497,0.6100000000000003,2.3617366491630687,8.469999999999999,1,4G1tK8qkj0PHUfED8hXzqbo49BC2
1037,3.62,46,2.99,anxiety,,0.8909545442950497,0.0141421356237309,0.6299999999999999,0.9050966799187808,6.61,1,4G1tK8qkj0PHUfED8hXzqbo49BC2
982,3.675,452,4.54,joy,,0.1484924240491749,1.470782104868019,0.8650000000000002,1.619274528917194,8.215,0,4G1tK8qkj0PHUfED8hXzqbo49BC2
2121,5.21,1679,4.625,anxiety,,0.1979898987322328,0.120208152801713,0.585,0.3181980515339458,9.835,1,4G1tK8qkj0PHUfED8hXzqbo49BC2
1743,1.79,844,2.08,joy,,0.240416305603426,0.2262741699796954,0.29,0.4666904755831215,3.87,0,4G1tK8qkj0PHUfED8hXzqbo49BC2
1037,3.62,758,3.95,anxiety,4.47,0.8909545442950497,0.9899494936611668,0.33,1.8809040379562163,7.57,0,4G1tK8qkj0PHUfED8hXzqbo49BC2
1737,4.625,395,4.050000000000001,anxiety,,0.0636396103067891,0.7919595949289333,0.5749999999999993,0.8555992052357225,8.675,1,4G1tK8qkj0PHUfED8hXzqbo49BC2
1737,4.625,648,3.765,anxiety,,0.0636396103067891,0.8414570696119918,0.8599999999999999,0.9050966799187812,8.39,1,4G1tK8qkj0PHUfED8hXzqbo49BC2
1160,4.855,1206,3.93,joy,5.43,0.1626345596729056,0.8909545442950497,0.9250000000000008,1.0535891039679552,8.785,1,4G1tK8qkj0PHUfED8hXzqbo49BC2
1037,3.62,1767,4.79,anxiety,,0.8909545442950497,0.1838477631085022,1.17,1.074802307403552,8.41,0,4G1tK8qkj0PHUfED8hXzqbo49BC2
271,4.965,1402,1.965,anxiety,,0.120208152801713,0.2757716446627536,3.0,0.3959797974644666,6.93,1,4G1tK8qkj0PHUfED8hXzqbo49BC2
1191,4.265000000000001,1698,3.335,joy,,0.7848885271170679,0.2474873734152913,0.9300000000000006,1.0323759005323594,7.6,1,4G1tK8qkj0PHUfED8hXzqbo49BC2
548,4.955,395,4.050000000000001,anxiety,5.45,0.7283199846221434,0.7919595949289333,0.9049999999999994,1.5202795795510768,9.005,1,4G1tK8qkj0PHUfED8hXzqbo49BC2
1679,4.625,395,4.050000000000001,anxiety,,0.120208152801713,0.7919595949289333,0.5749999999999993,0.9121677477306463,8.675,1,4G1tK8qkj0PHUfED8hXzqbo49BC2
395,4.050000000000001,1283,4.705,anxiety,,0.7919595949289333,0.4879036790187174,0.6549999999999994,1.2798632739476508,8.755,0,4G1tK8qkj0PHUfED8hXzqbo49BC2
548,4.955,1679,4.625,anxiety,,0.7283199846221434,0.120208152801713,0.33,0.8485281374238565,9.58,1,4G1tK8qkj0PHUfED8hXzqbo49BC2
271,4.965,648,3.765,anxiety,,0.120208152801713,0.8414570696119918,1.1999999999999995,0.9616652224137048,8.73,1,4G1tK8qkj0PHUfED8hXzqbo49BC2
548,4.955,1402,1.965,anxiety,,0.7283199846221434,0.2757716446627536,2.99,1.004091629284897,6.92,1,4G1tK8qkj0PHUfED8hXzqbo49BC2
1661,5.175000000000001,1580,2.235,joy,,0.6717514421272203,0.4454772721475248,2.940000000000001,1.117228714274745,7.41,1,4G1tK8qkj0PHUfED8hXzqbo49BC2
1365,3.2350000000000003,1848,1.99,joy,,0.8697413408594534,0.3111269837220808,1.2450000000000003,1.1808683245815343,5.2250000000000005,1,4G1tK8qkj0PHUfED8hXzqbo49BC2
730,4.955,648,3.765,anxiety,,0.1909188309203675,0.8414570696119918,1.19,1.0323759005323594,8.72,1,4G1tK8qkj0PHUfED8hXzqbo49BC2
1343,4.48,1206,3.93,joy,5.24,0.0707106781186551,0.8909545442950497,0.5500000000000007,0.9616652224137048,8.41,1,4G1tK8qkj0PHUfED8hXzqbo49BC2
1932,1.64,864,1.0,joy,,0.325269119345812,0.0,0.6400000000000001,0.325269119345812,2.64,1,4G1tK8qkj0PHUfED8hXzqbo49BC2
969,3.575,1767,4.79,anxiety,2.98,1.4354267658086912,0.1838477631085022,1.215,1.6192745289171937,8.365,0,4G1tK8qkj0PHUfED8hXzqbo49BC2
1848,1.99,1428,1.4300000000000002,joy,,0.3111269837220808,0.1979898987322333,0.5599999999999998,0.5091168824543142,3.42,1,4G1tK8qkj0PHUfED8hXzqbo49BC2
1114,4.720000000000001,190,4.37,anxiety,,0.0424264068711925,0.4101219330881976,0.3500000000000005,0.4525483399593902,9.09,1,4G1tK8qkj0PHUfED8hXzqbo49BC2
982,3.675,1692,2.795,joy,,0.1484924240491749,0.2192031021678297,0.8799999999999999,0.3676955262170047,6.47,1,4G1tK8qkj0PHUfED8hXzqbo49BC2
1580,2.235,1848,1.99,joy,2.74,0.4454772721475248,0.3111269837220808,0.2449999999999998,0.7566042558696058,4.225,1,4G1tK8qkj0PHUfED8hXzqbo49BC2
1171,4.79,1281,1.835,joy,,0.4666904755831215,1.039446968344225,2.955,1.5061374439273465,6.625,1,4G1tK8qkj0PHUfED8hXzqbo49BC2
271,4.965,395,4.050000000000001,anxiety,,0.120208152801713,0.7919595949289333,0.9149999999999991,0.9121677477306463,9.015,1,4G1tK8qkj0PHUfED8hXzqbo49BC2
1848,1.99,1932,1.64,joy,,0.3111269837220808,0.325269119345812,0.3499999999999998,0.6363961030678928,3.63,1,4G1tK8qkj0PHUfED8hXzqbo49BC2
1692,2.795,1698,3.335,joy,2.94,0.2192031021678297,0.2474873734152913,0.54,0.4666904755831211,6.13,0,4G1tK8qkj0PHUfED8hXzqbo49BC2
1898,2.065,1743,1.79,joy,,0.6151828996322964,0.240416305603426,0.2749999999999999,0.8555992052357225,3.855,1,4G1tK8qkj0PHUfED8hXzqbo49BC2
1281,1.835,844,2.08,joy,,1.039446968344225,0.2262741699796954,0.2450000000000001,1.26572113832392,3.915,0,4G1tK8qkj0PHUfED8hXzqbo49BC2
1642,5.33,190,4.37,anxiety,,0.141421356237309,0.4101219330881976,0.96,0.5515432893255066,9.7,1,4G1tK8qkj0PHUfED8hXzqbo49BC2
489,4.665,395,4.050000000000001,anxiety,,2.3546655813512034,0.7919595949289333,0.6149999999999993,3.1466251762801365,8.715,1,4G1tK8qkj0PHUfED8hXzqbo49BC2
491,5.67,1114,4.720000000000001,anxiety,,0.7071067811865476,0.0424264068711925,0.9499999999999992,0.7495331880577402,10.39,1,4G1tK8qkj0PHUfED8hXzqbo49BC2
1281,1.835,2060,3.03,joy,4.81,1.039446968344225,0.0,1.1949999999999998,1.039446968344225,4.865,0,4G1tK8qkj0PHUfED8hXzqbo49BC2
982,3.675,1683,4.234999999999999,joy,,0.1484924240491749,0.0494974746830578,0.5599999999999996,0.1979898987322328,7.909999999999999,0,4G1tK8qkj0PHUfED8hXzqbo49BC2
730,4.955,190,4.37,anxiety,,0.1909188309203675,0.4101219330881976,0.585,0.6010407640085651,9.325,1,4G1tK8qkj0PHUfED8hXzqbo49BC2
1743,1.79,2060,3.03,joy,,0.240416305603426,0.0,1.2399999999999998,0.240416305603426,4.82,0,4G1tK8qkj0PHUfED8hXzqbo49BC2
982,3.675,1206,3.93,joy,5.87,0.1484924240491749,0.8909545442950497,0.2549999999999999,1.039446968344225,7.604999999999999,0,4G1tK8qkj0PHUfED8hXzqbo49BC2
1492,5.8100000000000005,1679,4.625,anxiety,,0.9616652224137048,0.120208152801713,1.1850000000000005,1.081873375215418,10.435,1,4G1tK8qkj0PHUfED8hXzqbo49BC2
46,2.99,969,3.575,anxiety,4.75,0.0141421356237309,1.4354267658086912,0.585,1.4495689014324222,6.565,0,4G1tK8qkj0PHUfED8hXzqbo49BC2
1012,4.63,1932,1.64,joy,,1.4424978336205572,0.325269119345812,2.99,1.767766952966369,6.27,1,4G1tK8qkj0PHUfED8hXzqbo49BC2
1679,4.625,115,3.365,anxiety,,0.120208152801713,0.1484924240491752,1.2599999999999998,0.2687005768508883,7.99,1,4G1tK8qkj0PHUfED8hXzqbo49BC2
271,4.965,190,4.37,anxiety,5.08,0.120208152801713,0.4101219330881976,0.5949999999999998,0.5303300858899106,9.335,1,4G1tK8qkj0PHUfED8hXzqbo49BC2
1692,2.795,1281,1.835,joy,,0.2192031021678297,1.039446968344225,0.96,1.2586500705120545,4.63,1,4G1tK8qkj0PHUfED8hXzqbo49BC2
2121,5.21,489,4.665,anxiety,,0.1979898987322328,2.3546655813512034,0.5449999999999999,2.552655480083436,9.875,1,4G1tK8qkj0PHUfED8hXzqbo49BC2
1206,3.93,2060,3.03,joy,6.01,0.8909545442950497,0.0,0.8999999999999999,0.8909545442950497,6.959999999999999,1,4G1tK8qkj0PHUfED8hXzqbo49BC2
115,3.365,758,3.95,anxiety,,0.1484924240491752,0.9899494936611668,0.585,1.138441917710342,7.315,0,4G1tK8qkj0PHUfED8hXzqbo49BC2
648,3.765,190,4.37,anxiety,,0.8414570696119918,0.4101219330881976,0.605,1.2515790027001894,8.135,0,4G1tK8qkj0PHUfED8hXzqbo49BC2
1343,4.48,1428,1.4300000000000002,joy,7.0,0.0707106781186551,0.1979898987322333,3.0500000000000003,0.2687005768508884,5.91,1,4G1tK8qkj0PHUfED8hXzqbo49BC2
982,3.675,1698,3.335,joy,,0.1484924240491749,0.2474873734152913,0.3399999999999998,0.3959797974644663,7.01,1,4G1tK8qkj0PHUfED8hXzqbo49BC2
194,3.44,1580,2.235,joy,,0.0848528137423857,0.4454772721475248,1.205,0.5303300858899106,5.675,1,4G1tK8qkj0PHUfED8hXzqbo49BC2
982,3.675,1012,4.63,joy,,0.1484924240491749,1.4424978336205572,0.955,1.590990257669732,8.305,0,4G1tK8qkj0PHUfED8hXzqbo49BC2
1503,6.33,1698,3.335,joy,,0.9475230867899735,0.2474873734152913,2.995,1.195010460205265,9.665,1,4G1tK8qkj0PHUfED8hXzqbo49BC2
730,4.955,395,4.050000000000001,anxiety,,0.1909188309203675,0.7919595949289333,0.9049999999999994,0.9828784258493009,9.005,1,4G1tK8qkj0PHUfED8hXzqbo49BC2
648,3.765,1283,4.705,anxiety,,0.8414570696119918,0.4879036790187174,0.94,1.3293607486307093,8.47,0,4G1tK8qkj0PHUfED8hXzqbo49BC2
730,4.955,1679,4.625,anxiety,,0.1909188309203675,0.120208152801713,0.33,0.3111269837220806,9.58,1,4G1tK8qkj0PHUfED8hXzqbo49BC2
1848,1.99,1850,3.18,joy,4.37,0.3111269837220808,0.6222539674441617,1.1900000000000002,0.9333809511662424,5.17,0,4G1tK8qkj0PHUfED8hXzqbo49BC2
1661,5.175000000000001,1683,4.234999999999999,joy,,0.6717514421272203,0.0494974746830578,0.9400000000000012,0.7212489168102781,9.41,1,4G1tK8qkj0PHUfED8hXzqbo49BC2
377,4.785,969,3.575,anxiety,,0.388908729652601,1.4354267658086912,1.21,1.8243354954612925,8.36,1,4G1tK8qkj0PHUfED8hXzqbo49BC2
1737,4.625,115,3.365,anxiety,,0.0636396103067891,0.1484924240491752,1.2599999999999998,0.2121320343559644,7.99,1,4G1tK8qkj0PHUfED8hXzqbo49BC2
46,2.99,758,3.95,anxiety,,0.0141421356237309,0.9899494936611668,0.96,1.0040916292848978,6.94,0,4G1tK8qkj0PHUfED8hXzqbo49BC2
190,4.37,1283,4.705,anxiety,,0.4101219330881976,0.4879036790187174,0.3349999999999999,0.898025612106915,9.075,0,4G1tK8qkj0PHUfED8hXzqbo49BC2
844,2.08,1428,1.4300000000000002,joy,,0.2262741699796954,0.1979898987322333,0.6499999999999999,0.4242640687119287,3.51,1,4G1tK8qkj0PHUfED8hXzqbo49BC2
489,4.665,190,4.37,anxiety,5.48,2.3546655813512034,0.4101219330881976,0.2949999999999999,2.764787514439401,9.035,1,4G1tK8qkj0PHUfED8hXzqbo49BC2
730,4.955,1402,1.965,anxiety,,0.1909188309203675,0.2757716446627536,2.99,0.4666904755831211,6.92,1,4G1tK8qkj0PHUfED8hXzqbo49BC2
194,3.44,1850,3.18,joy,,0.0848528137423857,0.6222539674441617,0.2599999999999998,0.7071067811865475,6.62,1,4G1tK8qkj0PHUfED8hXzqbo49BC2
46,2.99,1777,3.255,anxiety,,0.0141421356237309,0.4313351365237939,0.2649999999999997,0.4454772721475248,6.245,0,4G1tK8qkj0PHUfED8hXzqbo49BC2
460,4.9,395,4.050000000000001,anxiety,,0.6363961030678924,0.7919595949289333,0.8499999999999996,1.4283556979968255,8.950000000000001,1,4G1tK8qkj0PHUfED8hXzqbo49BC2
648,3.765,395,4.050000000000001,anxiety,,0.8414570696119918,0.7919595949289333,0.2850000000000006,1.6334166645409252,7.815000000000001,0,4G1tK8qkj0PHUfED8hXzqbo49BC2
1191,4.265000000000001,2060,3.03,joy,6.06,0.7848885271170679,0.0,1.2350000000000008,0.7848885271170679,7.295,1,4G1tK8qkj0PHUfED8hXzqbo49BC2
2121,5.21,395,4.050000000000001,anxiety,,0.1979898987322328,0.7919595949289333,1.1599999999999993,0.989949493661166,9.260000000000002,1,4G1tK8qkj0PHUfED8hXzqbo49BC2
548,4.955,190,4.37,anxiety,2.7,0.7283199846221434,0.4101219330881976,0.585,1.138441917710341,9.325,1,4G1tK8qkj0PHUfED8hXzqbo49BC2
194,3.44,1692,2.795,joy,,0.0848528137423857,0.2192031021678297,0.645,0.3040559159102155,6.234999999999999,1,4G1tK8qkj0PHUfED8hXzqbo49BC2
1692,2.795,1932,1.64,joy,,0.2192031021678297,0.325269119345812,1.1549999999999998,0.5444722215136417,4.4350000000000005,1,4G1tK8qkj0PHUfED8hXzqbo49BC2
1580,2.235,864,1.0,joy,,0.4454772721475248,0.0,1.235,0.4454772721475248,3.235,1,4G1tK8qkj0PHUfED8hXzqbo49BC2
1037,3.62,115,3.365,anxiety,5.39,0.8909545442950497,0.1484924240491752,0.2549999999999999,1.039446968344225,6.985,1,4G1tK8qkj0PHUfED8hXzqbo49BC2
491,5.67,377,4.785,anxiety,,0.7071067811865476,0.388908729652601,0.8849999999999998,1.0960155108391485,10.455,1,4G1tK8qkj0PHUfED8hXzqbo49BC2
1698,3.335,2060,3.03,joy,1.78,0.2474873734152913,0.0,0.3050000000000001,0.2474873734152913,6.365,1,4G1tK8qkj0PHUfED8hXzqbo49BC2
758,3.95,460,4.9,anxiety,,0.9899494936611668,0.6363961030678924,0.9500000000000002,1.6263455967290592,8.850000000000001,0,4G1tK8qkj0PHUfED8hXzqbo49BC2
1743,1.79,1428,1.4300000000000002,joy,,0.240416305603426,0.1979898987322333,0.3599999999999999,0.4384062043356593,3.22,1,4G1tK8qkj0PHUfED8hXzqbo49BC2
1428,1.4300000000000002,1898,2.065,joy,,0.1979898987322333,0.6151828996322964,0.6349999999999998,0.8131727983645298,3.495,0,4G1tK8qkj0PHUfED8hXzqbo49BC2
1737,4.625,190,4.37,anxiety,,0.0636396103067891,0.4101219330881976,0.2549999999999999,0.4737615433949868,8.995000000000001,1,4G1tK8qkj0PHUfED8hXzqbo49BC2
194,3.44,174,4.37,joy,1.23,0.0848528137423857,1.0040916292848974,0.9300000000000002,1.0889444430272832,7.81,0,4G1tK8qkj0PHUfED8hXzqbo49BC2
969,3.575,1114,4.720000000000001,anxiety,,1.4354267658086912,0.0424264068711925,1.1450000000000005,1.4778531726798838,8.295000000000002,0,4G1tK8qkj0PHUfED8hXzqbo49BC2
1343,4.48,2102,4.15,joy,,0.0707106781186551,1.682914139223983,0.33,1.753624817342638,8.63,1,4G1tK8qkj0PHUfED8hXzqbo49BC2
1683,4.234999999999999,1206,3.93,joy,,0.0494974746830578,0.8909545442950497,0.3049999999999997,0.9404520189781076,8.165,1,4G1tK8qkj0PHUfED8hXzqbo49BC2
1692,2.795,1580,2.235,joy,4.72,0.2192031021678297,0.4454772721475248,0.56,0.6646803743153546,5.029999999999999,1,4G1tK8qkj0PHUfED8hXzqbo49BC2
174,4.37,1428,1.4300000000000002,joy,,1.0040916292848974,0.1979898987322333,2.94,1.2020815280171306,5.800000000000001,1,4G1tK8qkj0PHUfED8hXzqbo49BC2
648,3.765,489,4.665,anxiety,,0.8414570696119918,2.3546655813512034,0.8999999999999999,3.1961226509631957,8.43,0,4G1tK8qkj0PHUfED8hXzqbo49BC2
1683,4.234999999999999,2060,3.03,joy,,0.0494974746830578,0.0,1.2049999999999996,0.0494974746830578,7.264999999999999,1,4G1tK8qkj0PHUfED8hXzqbo49BC2
1580,2.235,1932,1.64,joy,,0.4454772721475248,0.325269119345812,0.5949999999999998,0.7707463914933368,3.875,1,4G1tK8qkj0PHUfED8hXzqbo49BC2
2121,5.21,758,3.95,anxiety,5.44,0.1979898987322328,0.9899494936611668,1.2599999999999998,1.1879393923933996,9.16,1,4G1tK8qkj0PHUfED8hXzqbo49BC2
2060,4.225,1343,4.555,joy,,0.2192031021678294,0.0494974746830585,0.33,0.268700576850888,8.78,0,0VVMDMpWxwVD3Hivuk2kvCHyQXh2
1683,6.28,1159,3.325,joy,,0.240416305603426,1.6758430714121173,2.955,1.9162593770155436,9.605,1,0VVMDMpWxwVD3Hivuk2kvCHyQXh2
1898,4.01,1206,3.38,joy,,0.7636753236814711,2.870853531617383,0.6299999999999999,3.634528855298854,7.39,1,0VVMDMpWxwVD3Hivuk2kvCHyQXh2
1777,4.5600000000000005,730,4.29,anxiety,,0.4808326112068527,0.1697056274847715,0.2700000000000004,0.6505382386916243,8.850000000000001,1,0VVMDMpWxwVD3Hivuk2kvCHyQXh2
1580,2.75,1206,3.38,joy,5.75,0.0848528137423857,2.870853531617383,0.6299999999999999,2.9557063453597685,6.13,0,0VVMDMpWxwVD3Hivuk2kvCHyQXh2
1848,4.545,1661,3.34,joy,6.5,0.5727564927611039,0.2828427124746189,1.205,0.8555992052357229,7.885,1,0VVMDMpWxwVD3Hivuk2kvCHyQXh2
722,4.525,1037,5.17,anxiety,,0.926309883354377,0.2545584412271567,0.6449999999999996,1.1808683245815337,9.695,0,0VVMDMpWxwVD3Hivuk2kvCHyQXh2
1932,5.71,982,4.85,joy,6.76,0.3959797974644669,0.2262741699796948,0.8600000000000003,0.6222539674441617,10.56,1,0VVMDMpWxwVD3Hivuk2kvCHyQXh2
1159,3.325,1580,2.75,joy,,1.6758430714121173,0.0848528137423857,0.5750000000000002,1.7606958851545031,6.075,1,0VVMDMpWxwVD3Hivuk2kvCHyQXh2
1767,6.355,491,5.1,anxiety,,0.5020458146424487,0.4242640687119289,1.2550000000000008,0.9263098833543776,11.455,1,0VVMDMpWxwVD3Hivuk2kvCHyQXh2
2102,4.255000000000001,1661,3.34,joy,,0.2616295090390226,0.2828427124746189,0.9150000000000008,0.5444722215136416,7.595000000000001,1,0VVMDMpWxwVD3Hivuk2kvCHyQXh2
982,4.85,452,4.19,joy,6.78,0.2262741699796948,0.4808326112068524,0.6599999999999993,0.7071067811865472,9.04,1,0VVMDMpWxwVD3Hivuk2kvCHyQXh2
722,4.525,522,3.31,anxiety,6.83,0.926309883354377,1.753624817342638,1.2150000000000007,2.679934700697015,7.835,1,0VVMDMpWxwVD3Hivuk2kvCHyQXh2
1679,5.515,1777,4.5600000000000005,anxiety,6.73,0.7707463914933367,0.4808326112068527,0.9549999999999992,1.2515790027001894,10.075,1,0VVMDMpWxwVD3Hivuk2kvCHyQXh2
1012,5.795,1343,4.555,joy,,0.2757716446627539,0.0494974746830585,1.2400000000000002,0.3252691193458125,10.35,1,0VVMDMpWxwVD3Hivuk2kvCHyQXh2
1767,6.355,1283,5.16,anxiety,,0.5020458146424487,0.3111269837220805,1.1950000000000005,0.8131727983645292,11.515,1,0VVMDMpWxwVD3Hivuk2kvCHyQXh2
864,3.58,1692,6.555,joy,,1.7253405460951758,0.0636396103067891,2.975,1.788980156401965,10.135,0,0VVMDMpWxwVD3Hivuk2kvCHyQXh2
1503,2.93,1160,2.3,joy,6.02,1.3293607486307095,0.4384062043356593,0.6300000000000003,1.7677669529663689,5.23,1,0VVMDMpWxwVD3Hivuk2kvCHyQXh2
1159,3.325,864,3.58,joy,6.37,1.6758430714121173,1.7253405460951758,0.2549999999999999,3.401183617507293,6.905,0,0VVMDMpWxwVD3Hivuk2kvCHyQXh2
460,7.0,190,6.74,anxiety,,0.0,0.1414213562373096,0.2599999999999998,0.1414213562373096,13.74,1,0VVMDMpWxwVD3Hivuk2kvCHyQXh2
1492,4.455,522,3.31,anxiety,6.24,0.2333452377915607,1.753624817342638,1.1450000000000005,1.9869700551341989,7.765,1,0VVMDMpWxwVD3Hivuk2kvCHyQXh2
982,4.85,2060,4.225,joy,,0.2262741699796948,0.2192031021678294,0.625,0.4454772721475242,9.075,1,0VVMDMpWxwVD3Hivuk2kvCHyQXh2
1492,4.455,489,3.58,anxiety,,0.2333452377915607,0.7212489168102785,0.875,0.9545941546018392,8.035,1,0VVMDMpWxwVD3Hivuk2kvCHyQXh2
1679,5.515,911,4.630000000000001,anxiety,,0.7707463914933367,0.8485281374238571,0.8849999999999989,1.619274528917194,10.145,1,0VVMDMpWxwVD3Hivuk2kvCHyQXh2
1692,6.555,1698,3.53,joy,,0.0636396103067891,0.4384062043356592,3.0249999999999995,0.5020458146424485,10.085,1,0VVMDMpWxwVD3Hivuk2kvCHyQXh2
1698,3.53,1503,2.93,joy,,0.4384062043356592,1.3293607486307095,0.6000000000000001,1.7677669529663689,6.460000000000001,1,0VVMDMpWxwVD3Hivuk2kvCHyQXh2
1283,5.16,548,6.35,anxiety,,0.3111269837220805,0.6505382386916236,1.1899999999999995,0.961665222413704,11.51,0,0VVMDMpWxwVD3Hivuk2kvCHyQXh2
1343,4.555,1206,3.38,joy,,0.0494974746830585,2.870853531617383,1.1749999999999998,2.920351006300441,7.935,1,0VVMDMpWxwVD3Hivuk2kvCHyQXh2
1283,5.16,1679,5.515,anxiety,,0.3111269837220805,0.7707463914933367,0.3549999999999995,1.0818733752154173,10.675,0,0VVMDMpWxwVD3Hivuk2kvCHyQXh2
2060,4.225,864,3.58,joy,,0.2192031021678294,1.7253405460951758,0.6449999999999996,1.9445436482630052,7.805,1,0VVMDMpWxwVD3Hivuk2kvCHyQXh2
377,7.0,2121,6.715,anxiety,,0.0,0.4030508652763322,0.2850000000000001,0.4030508652763322,13.715,1,0VVMDMpWxwVD3Hivuk2kvCHyQXh2
1012,5.795,1580,2.75,joy,,0.2757716446627539,0.0848528137423857,3.045,0.3606244584051397,8.545,1,0VVMDMpWxwVD3Hivuk2kvCHyQXh2
1848,4.545,452,4.19,joy,,0.5727564927611039,0.4808326112068524,0.3549999999999995,1.0535891039679564,8.735,1,0VVMDMpWxwVD3Hivuk2kvCHyQXh2
2102,4.255000000000001,1343,4.555,joy,,0.2616295090390226,0.0494974746830585,0.2999999999999989,0.3111269837220812,8.81,0,0VVMDMpWxwVD3Hivuk2kvCHyQXh2
548,6.35,1037,5.17,anxiety,,0.6505382386916236,0.2545584412271567,1.1799999999999995,0.9050966799187804,11.52,1,0VVMDMpWxwVD3Hivuk2kvCHyQXh2
1932,5.71,194,5.984999999999999,joy,6.69,0.3959797974644669,0.629325035256027,0.2749999999999994,1.025304832720494,11.695,0,0VVMDMpWxwVD3Hivuk2kvCHyQXh2
1343,4.555,1661,3.34,joy,,0.0494974746830585,0.2828427124746189,1.215,0.3323401871576775,7.895,1,0VVMDMpWxwVD3Hivuk2kvCHyQXh2
1679,5.515,190,6.74,anxiety,,0.7707463914933367,0.1414213562373096,1.2250000000000003,0.9121677477306463,12.255,0,0VVMDMpWxwVD3Hivuk2kvCHyQXh2
1683,6.28,1661,3.34,joy,6.63,0.240416305603426,0.2828427124746189,2.9400000000000004,0.523259018078045,9.62,1,0VVMDMpWxwVD3Hivuk2kvCHyQXh2
1932,5.71,1343,4.555,joy,,0.3959797974644669,0.0494974746830585,1.1550000000000002,0.4454772721475254,10.265,1,0VVMDMpWxwVD3Hivuk2kvCHyQXh2
2060,4.225,1159,3.325,joy,,0.2192031021678294,1.6758430714121173,0.8999999999999995,1.8950461735799464,7.55,1,0VVMDMpWxwVD3Hivuk2kvCHyQXh2
1698,3.53,83,6.555,joy,,0.4384062043356592,0.629325035256027,3.0249999999999995,1.0677312395916865,10.085,0,0VVMDMpWxwVD3Hivuk2kvCHyQXh2
744,5.995,2130,5.0600000000000005,anxiety,,0.1060660171779823,0.1979898987322334,0.9349999999999996,0.3040559159102158,11.055,1,0VVMDMpWxwVD3Hivuk2kvCHyQXh2
1679,5.515,730,4.29,anxiety,,0.7707463914933367,0.1697056274847715,1.2249999999999996,0.9404520189781084,9.805,1,0VVMDMpWxwVD3Hivuk2kvCHyQXh2
1767,6.355,1037,5.17,anxiety,,0.5020458146424487,0.2545584412271567,1.1850000000000005,0.7566042558696053,11.525,1,0VVMDMpWxwVD3Hivuk2kvCHyQXh2
491,5.1,1492,4.455,anxiety,,0.4242640687119289,0.2333452377915607,0.6449999999999996,0.6576093065034896,9.555,1,0VVMDMpWxwVD3Hivuk2kvCHyQXh2
1777,4.5600000000000005,522,3.31,anxiety,,0.4808326112068527,1.753624817342638,1.2500000000000009,2.2344574285494905,7.87,1,0VVMDMpWxwVD3Hivuk2kvCHyQXh2
194,5.984999999999999,1503,2.93,joy,,0.629325035256027,1.3293607486307095,3.0549999999999997,1.9586857838867364,8.915,1,0VVMDMpWxwVD3Hivuk2kvCHyQXh2
648,3.73,730,4.29,anxiety,,0.9333809511662426,0.1697056274847715,0.5600000000000005,1.1030865786510142,8.02,0,0VVMDMpWxwVD3Hivuk2kvCHyQXh2
864,3.58,1661,3.34,joy,,1.7253405460951758,0.2828427124746189,0.2400000000000002,2.0081832585697947,6.92,1,0VVMDMpWxwVD3Hivuk2kvCHyQXh2
1698,3.53,1281,3.85,joy,,0.4384062043356592,2.2627416997969525,0.3199999999999998,2.701147904132612,7.380000000000001,0,0VVMDMpWxwVD3Hivuk2kvCHyQXh2
1580,2.75,1661,3.34,joy,,0.0848528137423857,0.2828427124746189,0.5899999999999999,0.3676955262170047,6.09,0,0VVMDMpWxwVD3Hivuk2kvCHyQXh2
1171,4.92,1428,1.895,joy,,0.2545584412271567,0.6293250352560272,3.025,0.883883476483184,6.815,1,0VVMDMpWxwVD3Hivuk2kvCHyQXh2
489,3.58,1402,2.405,anxiety,6.39,0.7212489168102785,0.4596194077712558,1.1749999999999998,1.1808683245815343,5.985,1,0VVMDMpWxwVD3Hivuk2kvCHyQXh2
2102,4.255000000000001,982,4.85,joy,,0.2616295090390226,0.2262741699796948,0.5949999999999989,0.4879036790187174,9.105,0,0VVMDMpWxwVD3Hivuk2kvCHyQXh2
522,3.31,1402,2.405,anxiety,,1.753624817342638,0.4596194077712558,0.9049999999999994,2.2132442251138937,5.715,1,0VVMDMpWxwVD3Hivuk2kvCHyQXh2
1402,2.405,758,1.77,anxiety,,0.4596194077712558,0.3818376618407357,0.6350000000000002,0.8414570696119915,4.175000000000001,1,0VVMDMpWxwVD3Hivuk2kvCHyQXh2
2121,6.715,1679,5.515,anxiety,,0.4030508652763322,0.7707463914933367,1.2000000000000002,1.173797256769669,12.23,1,0VVMDMpWxwVD3Hivuk2kvCHyQXh2
730,4.29,1114,4.6,anxiety,,0.1697056274847715,0.3818376618407357,0.3099999999999996,0.5515432893255072,8.89,0,0VVMDMpWxwVD3Hivuk2kvCHyQXh2
174,6.35,1206,3.38,joy,,0.268700576850888,2.870853531617383,2.97,3.1395541084682708,9.73,1,0VVMDMpWxwVD3Hivuk2kvCHyQXh2
1898,4.01,1365,4.96,joy,6.77,0.7636753236814711,2.701147904132612,0.9500000000000002,3.4648232278140827,8.969999999999999,0,0VVMDMpWxwVD3Hivuk2kvCHyQXh2
1012,5.795,982,4.85,joy,6.74,0.2757716446627539,0.2262741699796948,0.9450000000000004,0.5020458146424487,10.645,1,0VVMDMpWxwVD3Hivuk2kvCHyQXh2
722,4.525,491,5.1,anxiety,6.35,0.926309883354377,0.4242640687119289,0.5749999999999993,1.350573952066306,9.625,0,0VVMDMpWxwVD3Hivuk2kvCHyQXh2
1737,6.91,744,5.995,anxiety,6.38,0.1272792206135783,0.1060660171779823,0.915,0.2333452377915607,12.905,1,0VVMDMpWxwVD3Hivuk2kvCHyQXh2
491,5.1,744,5.995,anxiety,,0.4242640687119289,0.1060660171779823,0.8950000000000005,0.5303300858899113,11.095,0,0VVMDMpWxwVD3Hivuk2kvCHyQXh2
982,4.85,1343,4.555,joy,6.71,0.2262741699796948,0.0494974746830585,0.2949999999999999,0.2757716446627533,9.405,1,0VVMDMpWxwVD3Hivuk2kvCHyQXh2
1159,3.325,452,4.19,joy,,1.6758430714121173,0.4808326112068524,0.8650000000000002,2.1566756826189697,7.515000000000001,0,0VVMDMpWxwVD3Hivuk2kvCHyQXh2
1492,4.455,2130,5.0600000000000005,anxiety,,0.2333452377915607,0.1979898987322334,0.6050000000000004,0.4313351365237942,9.515,0,0VVMDMpWxwVD3Hivuk2kvCHyQXh2
1159,3.325,1343,4.555,joy,,1.6758430714121173,0.0494974746830585,1.2299999999999995,1.7253405460951758,7.88,0,0VVMDMpWxwVD3Hivuk2kvCHyQXh2
1160,2.3,844,1.67,joy,,0.4384062043356593,0.0565685424949238,0.6299999999999999,0.4949747468305832,3.97,1,0VVMDMpWxwVD3Hivuk2kvCHyQXh2
1848,4.545,1206,3.38,joy,6.41,0.5727564927611039,2.870853531617383,1.165,3.443610024378487,7.925,1,0VVMDMpWxwVD3Hivuk2kvCHyQXh2
548,6.35,744,5.995,anxiety,,0.6505382386916236,0.1060660171779823,0.3549999999999995,0.756604255869606,12.345,1,0VVMDMpWxwVD3Hivuk2kvCHyQXh2
1848,4.545,2060,4.225,joy,,0.5727564927611039,0.2192031021678294,0.3200000000000003,0.7919595949289333,8.77,1,0VVMDMpWxwVD3Hivuk2kvCHyQXh2
2060,4.225,1661,3.34,joy,,0.2192031021678294,0.2828427124746189,0.8849999999999998,0.5020458146424485,7.564999999999999,1,0VVMDMpWxwVD3Hivuk2kvCHyQXh2
2102,4.255000000000001,1206,3.38,joy,,0.2616295090390226,2.870853531617383,0.8750000000000009,3.132483040656405,7.635000000000001,1,0VVMDMpWxwVD3Hivuk2kvCHyQXh2
548,6.35,522,3.31,anxiety,,0.6505382386916236,1.753624817342638,3.04,2.4041630560342613,9.66,1,0VVMDMpWxwVD3Hivuk2kvCHyQXh2
1428,1.895,1580,2.75,joy,,0.6293250352560272,0.0848528137423857,0.855,0.714177848998413,4.645,0,0VVMDMpWxwVD3Hivuk2kvCHyQXh2
452,4.19,1661,3.34,joy,,0.4808326112068524,0.2828427124746189,0.8500000000000005,0.7636753236814714,7.53,1,0VVMDMpWxwVD3Hivuk2kvCHyQXh2
1281,3.85,1503,2.93,joy,,2.2627416997969525,1.3293607486307095,0.92,3.592102448427662,6.78,1,0VVMDMpWxwVD3Hivuk2kvCHyQXh2
1283,5.16,722,4.525,anxiety,6.64,0.3111269837220805,0.926309883354377,0.6349999999999998,1.2374368670764575,9.685,1,0VVMDMpWxwVD3Hivuk2kvCHyQXh2
2121,6.715,1767,6.355,anxiety,5.63,0.4030508652763322,0.5020458146424487,0.3599999999999994,0.905096679918781,13.07,1,0VVMDMpWxwVD3Hivuk2kvCHyQXh2
1737,6.91,548,6.35,anxiety,,0.1272792206135783,0.6505382386916236,0.5600000000000005,0.777817459305202,13.26,1,0VVMDMpWxwVD3Hivuk2kvCHyQXh2
1037,5.17,1114,4.6,anxiety,,0.2545584412271567,0.3818376618407357,0.5700000000000003,0.6363961030678924,9.77,1,0VVMDMpWxwVD3Hivuk2kvCHyQXh2
1898,4.01,1580,2.75,joy,,0.7636753236814711,0.0848528137423857,1.2599999999999998,0.8485281374238568,6.76,1,0VVMDMpWxwVD3Hivuk2kvCHyQXh2
1281,3.85,864,3.58,joy,,2.2627416997969525,1.7253405460951758,0.27,3.988082245892128,7.43,1,0VVMDMpWxwVD3Hivuk2kvCHyQXh2
460,7.0,2121,6.715,anxiety,6.61,0.0,0.4030508652763322,0.2850000000000001,0.4030508652763322,13.715,1,0VVMDMpWxwVD3Hivuk2kvCHyQXh2
911,4.630000000000001,730,4.29,anxiety,6.84,0.8485281374238571,0.1697056274847715,0.3400000000000007,1.0182337649086286,8.920000000000002,1,0VVMDMpWxwVD3Hivuk2kvCHyQXh2
2121,6.715,648,3.73,anxiety,,0.4030508652763322,0.9333809511662426,2.9850000000000003,1.336431816442575,10.445,1,0VVMDMpWxwVD3Hivuk2kvCHyQXh2
864,3.58,1503,2.93,joy,,1.7253405460951758,1.3293607486307095,0.6499999999999999,3.054701294725885,6.51,1,0VVMDMpWxwVD3Hivuk2kvCHyQXh2
1114,4.6,648,3.73,anxiety,,0.3818376618407357,0.9333809511662426,0.8700000000000001,1.3152186130069785,8.329999999999998,1,0VVMDMpWxwVD3Hivuk2kvCHyQXh2
1012,5.795,1848,4.545,joy,,0.2757716446627539,0.5727564927611039,1.25,0.8485281374238578,10.34,1,0VVMDMpWxwVD3Hivuk2kvCHyQXh2
1642,2.325,758,1.77,anxiety,,0.0777817459305201,0.3818376618407357,0.5550000000000002,0.4596194077712558,4.095000000000001,1,0VVMDMpWxwVD3Hivuk2kvCHyQXh2
1679,5.515,1037,5.17,anxiety,,0.7707463914933367,0.2545584412271567,0.3449999999999997,1.0253048327204934,10.685,1,0VVMDMpWxwVD3Hivuk2kvCHyQXh2
1932,5.71,1580,2.75,joy,,0.3959797974644669,0.0848528137423857,2.96,0.4808326112068527,8.46,1,0VVMDMpWxwVD3Hivuk2kvCHyQXh2
1850,6.27,1159,3.325,joy,,0.367695526217005,1.6758430714121173,2.9449999999999994,2.0435385976291225,9.595,1,0VVMDMpWxwVD3Hivuk2kvCHyQXh2
1281,3.85,452,4.19,joy,,2.2627416997969525,0.4808326112068524,0.3400000000000003,2.743574311003805,8.040000000000001,0,0VVMDMpWxwVD3Hivuk2kvCHyQXh2
46,7.0,190,6.74,anxiety,,0.0,0.1414213562373096,0.2599999999999998,0.1414213562373096,13.74,1,0VVMDMpWxwVD3Hivuk2kvCHyQXh2
548,6.35,491,5.1,anxiety,,0.6505382386916236,0.4242640687119289,1.25,1.0748023074035524,11.45,1,0VVMDMpWxwVD3Hivuk2kvCHyQXh2
2102,4.255000000000001,1159,3.325,joy,,0.2616295090390226,1.6758430714121173,0.9300000000000006,1.93747258045114,7.580000000000001,1,0VVMDMpWxwVD3Hivuk2kvCHyQXh2
1679,5.515,1114,4.6,anxiety,,0.7707463914933367,0.3818376618407357,0.915,1.1525840533340723,10.114999999999998,1,0VVMDMpWxwVD3Hivuk2kvCHyQXh2
722,4.525,489,3.58,anxiety,,0.926309883354377,0.7212489168102785,0.9450000000000004,1.6475588001646555,8.105,1,0VVMDMpWxwVD3Hivuk2kvCHyQXh2
190,6.74,648,3.73,anxiety,,0.1414213562373096,0.9333809511662426,3.0100000000000007,1.0748023074035522,10.47,1,0VVMDMpWxwVD3Hivuk2kvCHyQXh2
1642,2.325,489,3.58,anxiety,,0.0777817459305201,0.7212489168102785,1.255,0.7990306627407986,5.905,0,0VVMDMpWxwVD3Hivuk2kvCHyQXh2
1283,5.16,1777,4.5600000000000005,anxiety,,0.3111269837220805,0.4808326112068527,0.5999999999999996,0.7919595949289333,9.72,1,0VVMDMpWxwVD3Hivuk2kvCHyQXh2
1767,6.355,522,3.31,anxiety,,0.5020458146424487,1.753624817342638,3.045000000000001,2.2556706319850868,9.665,1,0VVMDMpWxwVD3Hivuk2kvCHyQXh2
395,6.76,648,3.73,anxiety,7.0,0.0989949493661164,0.9333809511662426,3.03,1.0323759005323592,10.489999999999998,1,0VVMDMpWxwVD3Hivuk2kvCHyQXh2
115,1.365,271,1.935,anxiety,6.51,0.2050609665440988,0.5727564927611034,0.5700000000000001,0.7778174593052022,3.3,0,0VVMDMpWxwVD3Hivuk2kvCHyQXh2
1171,4.92,1898,4.01,joy,,0.2545584412271567,0.7636753236814711,0.91,1.0182337649086275,8.93,1,0VVMDMpWxwVD3Hivuk2kvCHyQXh2
1848,4.545,1159,3.325,joy,,0.5727564927611039,1.6758430714121173,1.2199999999999998,2.248599564173221,7.87,1,0VVMDMpWxwVD3Hivuk2kvCHyQXh2
1037,5.17,730,4.29,anxiety,,0.2545584412271567,0.1697056274847715,0.8799999999999999,0.4242640687119282,9.46,1,0VVMDMpWxwVD3Hivuk2kvCHyQXh2
46,7.0,2121,6.715,anxiety,,0.0,0.4030508652763322,0.2850000000000001,0.4030508652763322,13.715,1,0VVMDMpWxwVD3Hivuk2kvCHyQXh2
174,6.35,1661,3.34,joy,,0.268700576850888,0.2828427124746189,3.01,0.551543289325507,9.69,1,0VVMDMpWxwVD3Hivuk2kvCHyQXh2
1767,6.355,1679,5.515,anxiety,6.58,0.5020458146424487,0.7707463914933367,0.8400000000000007,1.2727922061357853,11.87,1,0VVMDMpWxwVD3Hivuk2kvCHyQXh2
2060,4.225,1206,3.38,joy,,0.2192031021678294,2.870853531617383,0.8449999999999998,3.0900566337852124,7.604999999999999,1,0VVMDMpWxwVD3Hivuk2kvCHyQXh2
1283,5.16,730,4.29,anxiety,,0.3111269837220805,0.1697056274847715,0.8700000000000001,0.480832611206852,9.45,1,0VVMDMpWxwVD3Hivuk2kvCHyQXh2
982,4.85,1428,1.895,joy,6.97,0.2262741699796948,0.6293250352560272,2.955,0.855599205235722,6.744999999999999,1,0VVMDMpWxwVD3Hivuk2kvCHyQXh2
982,4.85,1848,4.545,joy,,0.2262741699796948,0.5727564927611039,0.3049999999999997,0.7990306627407986,9.395,1,0VVMDMpWxwVD3Hivuk2kvCHyQXh2
911,4.630000000000001,648,3.73,anxiety,,0.8485281374238571,0.9333809511662426,0.9000000000000012,1.7819090885901,8.36,1,0VVMDMpWxwVD3Hivuk2kvCHyQXh2
1932,5.71,1848,4.545,joy,7.0,0.3959797974644669,0.5727564927611039,1.165,0.9687362902255708,10.255,1,0VVMDMpWxwVD3Hivuk2kvCHyQXh2
1898,4.01,1343,4.555,joy,,0.7636753236814711,0.0494974746830585,0.5449999999999999,0.8131727983645296,8.565,0,0VVMDMpWxwVD3Hivuk2kvCHyQXh2
452,4.19,864,3.58,joy,,0.4808326112068524,1.7253405460951758,0.6100000000000003,2.2061731573020285,7.77,1,0VVMDMpWxwVD3Hivuk2kvCHyQXh2
1698,3.53,1160,2.3,joy,,0.4384062043356592,0.4384062043356593,1.2300000000000004,0.8768124086713186,5.83,1,0VVMDMpWxwVD3Hivuk2kvCHyQXh2
2102,4.255000000000001,1848,4.545,joy,,0.2616295090390226,0.5727564927611039,0.2899999999999991,0.8343860018001266,8.8,0,0VVMDMpWxwVD3Hivuk2kvCHyQXh2
1037,5.17,1777,4.5600000000000005,anxiety,,0.2545584412271567,0.4808326112068527,0.6099999999999994,0.7353910524340095,9.73,1,0VVMDMpWxwVD3Hivuk2kvCHyQXh2
489,3.58,522,3.31,anxiety,,0.7212489168102785,1.753624817342638,0.2700000000000004,2.4748737341529163,6.89,1,0VVMDMpWxwVD3Hivuk2kvCHyQXh2
377,7.0,190,6.74,anxiety,,0.0,0.1414213562373096,0.2599999999999998,0.1414213562373096,13.74,1,0VVMDMpWxwVD3Hivuk2kvCHyQXh2
1283,5.16,1114,4.6,anxiety,,0.3111269837220805,0.3818376618407357,0.5600000000000005,0.6929646455628162,9.76,1,0VVMDMpWxwVD3Hivuk2kvCHyQXh2
2102,4.255000000000001,1898,4.01,joy,,0.2616295090390226,0.7636753236814711,0.245000000000001,1.0253048327204937,8.265,1,0VVMDMpWxwVD3Hivuk2kvCHyQXh2
174,6.35,1159,3.325,joy,6.68,0.268700576850888,1.6758430714121173,3.0249999999999995,1.9445436482630052,9.675,1,0VVMDMpWxwVD3Hivuk2kvCHyQXh2
1848,1.985,1281,1.0550000000000002,joy,,1.3647160876900368,0.0070710678118654,0.93,1.3717871555019023,3.04,1,0ejC9wujLDO1ECeFO3U0Zt7Ehq43
648,1.065,1492,1.615,anxiety,,0.0919238815542511,0.4737615433949868,0.55,0.5656854249492379,2.68,0,0ejC9wujLDO1ECeFO3U0Zt7Ehq43
1206,1.925,1281,1.0550000000000002,joy,5.18,0.0636396103067893,0.0070710678118654,0.8699999999999997,0.0707106781186548,2.98,1,0ejC9wujLDO1ECeFO3U0Zt7Ehq43
460,2.245,730,1.05,anxiety,,0.982878425849301,0.0707106781186548,1.195,1.0535891039679557,3.295,1,0ejC9wujLDO1ECeFO3U0Zt7Ehq43
377,1.565,1642,1.025,anxiety,,0.657609306503489,0.0353553390593274,0.54,0.6929646455628165,2.59,1,0ejC9wujLDO1ECeFO3U0Zt7Ehq43
1898,1.235,844,1.49,joy,,0.2899137802864844,0.6929646455628166,0.2550000000000001,0.982878425849301,2.725,0,0ejC9wujLDO1ECeFO3U0Zt7Ehq43
460,2.245,1642,1.025,anxiety,,0.982878425849301,0.0353553390593274,1.2200000000000002,1.0182337649086284,3.27,1,0ejC9wujLDO1ECeFO3U0Zt7Ehq43
2121,1.39,758,1.035,anxiety,6.48,0.5515432893255071,0.0212132034355964,0.355,0.5727564927611035,2.4250000000000003,1,0ejC9wujLDO1ECeFO3U0Zt7Ehq43
911,1.37,1402,1.02,anxiety,6.99,0.5232590180780452,0.0282842712474619,0.3500000000000001,0.5515432893255071,2.39,1,0ejC9wujLDO1ECeFO3U0Zt7Ehq43
911,1.37,1642,1.025,anxiety,,0.5232590180780452,0.0353553390593274,0.3450000000000002,0.5586143571373726,2.395,1,0ejC9wujLDO1ECeFO3U0Zt7Ehq43
489,1.95,190,1.315,anxiety,,1.1313708498984762,0.134350288425444,0.635,1.2657211383239202,3.265,1,0ejC9wujLDO1ECeFO3U0Zt7Ehq43
730,1.05,1492,1.615,anxiety,,0.0707106781186548,0.4737615433949868,0.565,0.5444722215136416,2.665,0,0ejC9wujLDO1ECeFO3U0Zt7Ehq43
982,2.395,1580,2.715,joy,,0.6717514421272203,0.3606244584051394,0.3199999999999998,1.0323759005323596,5.109999999999999,0,0ejC9wujLDO1ECeFO3U0Zt7Ehq43
1743,2.0,1281,1.0550000000000002,joy,,0.0707106781186546,0.0070710678118654,0.9449999999999998,0.0777817459305201,3.055,1,0ejC9wujLDO1ECeFO3U0Zt7Ehq43
1343,1.285,1191,1.03,joy,3.15,0.4030508652763321,0.0,0.2550000000000001,0.4030508652763321,2.3150000000000004,1,0ejC9wujLDO1ECeFO3U0Zt7Ehq43
1012,1.875,1503,1.02,joy,,0.0353553390593272,0.0282842712474619,0.855,0.0636396103067891,2.895,1,0ejC9wujLDO1ECeFO3U0Zt7Ehq43
46,1.35,522,1.0,anxiety,,0.3535533905932738,0.0,0.3500000000000001,0.3535533905932738,2.35,1,0ejC9wujLDO1ECeFO3U0Zt7Ehq43
489,1.95,1037,1.0,anxiety,5.07,1.1313708498984762,0.0,0.95,1.1313708498984762,2.95,1,0ejC9wujLDO1ECeFO3U0Zt7Ehq43
395,1.975,758,1.035,anxiety,,1.3788582233137678,0.0212132034355964,0.94,1.4000714267493644,3.01,1,0ejC9wujLDO1ECeFO3U0Zt7Ehq43
190,1.315,1037,1.0,anxiety,,0.134350288425444,0.0,0.3149999999999999,0.134350288425444,2.315,1,0ejC9wujLDO1ECeFO3U0Zt7Ehq43
1343,1.285,1365,1.035,joy,,0.4030508652763321,0.0494974746830583,0.25,0.4525483399593905,2.3200000000000003,1,0ejC9wujLDO1ECeFO3U0Zt7Ehq43
83,4.065,1171,1.025,joy,5.8,0.2757716446627533,0.0353553390593274,3.04,0.3111269837220807,5.09,1,0ejC9wujLDO1ECeFO3U0Zt7Ehq43
190,1.315,758,1.035,anxiety,,0.134350288425444,0.0212132034355964,0.2799999999999998,0.1555634918610404,2.35,1,0ejC9wujLDO1ECeFO3U0Zt7Ehq43
1206,1.925,1171,1.025,joy,,0.0636396103067893,0.0353553390593274,0.8999999999999999,0.0989949493661167,2.95,1,0ejC9wujLDO1ECeFO3U0Zt7Ehq43
174,4.19,1683,3.84,joy,,0.0282842712474619,1.1030865786510142,0.3499999999999996,1.1313708498984762,8.03,1,0ejC9wujLDO1ECeFO3U0Zt7Ehq43
377,1.565,1402,1.02,anxiety,,0.657609306503489,0.0282842712474619,0.5449999999999999,0.685893577750951,2.585,1,0ejC9wujLDO1ECeFO3U0Zt7Ehq43
1428,1.4300000000000002,1159,2.025,joy,,0.6081118318204309,0.0212132034355966,0.5949999999999998,0.6293250352560276,3.455,0,0ejC9wujLDO1ECeFO3U0Zt7Ehq43
190,1.315,1114,1.9,anxiety,,0.134350288425444,0.1272792206135785,0.585,0.2616295090390225,3.215,0,0ejC9wujLDO1ECeFO3U0Zt7Ehq43
1580,2.715,844,1.49,joy,,0.3606244584051394,0.6929646455628166,1.225,1.053589103967956,4.205,1,0ejC9wujLDO1ECeFO3U0Zt7Ehq43
489,1.95,758,1.035,anxiety,,1.1313708498984762,0.0212132034355964,0.9149999999999998,1.1525840533340728,2.9850000000000003,1,0ejC9wujLDO1ECeFO3U0Zt7Ehq43
1898,1.235,1012,1.875,joy,,0.2899137802864844,0.0353553390593272,0.6400000000000001,0.3252691193458116,3.11,0,0ejC9wujLDO1ECeFO3U0Zt7Ehq43
1114,1.9,758,1.035,anxiety,,0.1272792206135785,0.0212132034355964,0.8649999999999998,0.1484924240491749,2.935,1,0ejC9wujLDO1ECeFO3U0Zt7Ehq43
377,1.565,522,1.0,anxiety,2.04,0.657609306503489,0.0,0.565,0.657609306503489,2.565,1,0ejC9wujLDO1ECeFO3U0Zt7Ehq43
1428,1.4300000000000002,1743,2.0,joy,,0.6081118318204309,0.0707106781186546,0.5699999999999998,0.6788225099390855,3.43,0,0ejC9wujLDO1ECeFO3U0Zt7Ehq43
1692,1.59,1191,1.03,joy,,0.6505382386916236,0.0,0.5599999999999998,0.6505382386916236,2.62,1,0ejC9wujLDO1ECeFO3U0Zt7Ehq43
1898,1.235,1692,1.59,joy,,0.2899137802864844,0.6505382386916236,0.355,0.940452018978108,2.825,0,0ejC9wujLDO1ECeFO3U0Zt7Ehq43
1012,1.875,1191,1.03,joy,,0.0353553390593272,0.0,0.845,0.0353553390593272,2.905,1,0ejC9wujLDO1ECeFO3U0Zt7Ehq43
1206,1.925,1698,1.02,joy,,0.0636396103067893,0.0282842712474619,0.9049999999999998,0.0919238815542512,2.945,1,0ejC9wujLDO1ECeFO3U0Zt7Ehq43
1012,1.875,1171,1.025,joy,6.95,0.0353553390593272,0.0353553390593274,0.8500000000000001,0.0707106781186546,2.9,1,0ejC9wujLDO1ECeFO3U0Zt7Ehq43
1848,1.985,1365,1.035,joy,,1.3647160876900368,0.0494974746830583,0.95,1.4142135623730951,3.0200000000000005,1,0ejC9wujLDO1ECeFO3U0Zt7Ehq43
194,4.949999999999999,1743,2.0,joy,,0.0282842712474619,0.0707106781186546,2.9499999999999997,0.0989949493661165,6.949999999999999,1,0ejC9wujLDO1ECeFO3U0Zt7Ehq43
1343,1.285,1171,1.025,joy,,0.4030508652763321,0.0353553390593274,0.2600000000000002,0.4384062043356596,2.31,1,0ejC9wujLDO1ECeFO3U0Zt7Ehq43
1692,1.59,1365,1.035,joy,,0.6505382386916236,0.0494974746830583,0.5549999999999997,0.700035713374682,2.625,1,0ejC9wujLDO1ECeFO3U0Zt7Ehq43
460,2.245,522,1.0,anxiety,5.43,0.982878425849301,0.0,1.245,0.982878425849301,3.245,1,0ejC9wujLDO1ECeFO3U0Zt7Ehq43
1343,1.285,1503,1.02,joy,2.22,0.4030508652763321,0.0282842712474619,0.2650000000000001,0.431335136523794,2.305,1,0ejC9wujLDO1ECeFO3U0Zt7Ehq43
83,4.065,1191,1.03,joy,7.0,0.2757716446627533,0.0,3.0349999999999997,0.2757716446627533,5.095,1,0ejC9wujLDO1ECeFO3U0Zt7Ehq43
1642,1.025,1492,1.615,anxiety,,0.0353553390593274,0.4737615433949868,0.5900000000000001,0.5091168824543142,2.64,0,0ejC9wujLDO1ECeFO3U0Zt7Ehq43
1850,2.7750000000000004,1692,1.59,joy,,0.106066017177982,0.6505382386916236,1.1850000000000005,0.7566042558696057,4.365,1,0ejC9wujLDO1ECeFO3U0Zt7Ehq43
1343,1.285,1698,1.02,joy,,0.4030508652763321,0.0282842712474619,0.2650000000000001,0.431335136523794,2.305,1,0ejC9wujLDO1ECeFO3U0Zt7Ehq43
1848,1.985,1191,1.03,joy,,1.3647160876900368,0.0,0.955,1.3647160876900368,3.015,1,0ejC9wujLDO1ECeFO3U0Zt7Ehq43
1428,1.4300000000000002,2102,2.01,joy,,0.6081118318204309,0.0,0.5799999999999996,0.6081118318204309,3.44,0,0ejC9wujLDO1ECeFO3U0Zt7Ehq43
522,1.0,1492,1.615,anxiety,3.37,0.0,0.4737615433949868,0.615,0.4737615433949868,2.615,0,0ejC9wujLDO1ECeFO3U0Zt7Ehq43
395,1.975,1642,1.025,anxiety,,1.3788582233137678,0.0353553390593274,0.9500000000000002,1.4142135623730951,3.0,1,0ejC9wujLDO1ECeFO3U0Zt7Ehq43
489,1.95,1402,1.02,anxiety,,1.1313708498984762,0.0282842712474619,0.93,1.1596551211459385,2.97,1,0ejC9wujLDO1ECeFO3U0Zt7Ehq43
522,1.0,190,1.315,anxiety,,0.0,0.134350288425444,0.3149999999999999,0.134350288425444,2.315,0,0ejC9wujLDO1ECeFO3U0Zt7Ehq43
648,1.065,460,2.245,anxiety,,0.0919238815542511,0.982878425849301,1.1800000000000002,1.074802307403552,3.31,0,0ejC9wujLDO1ECeFO3U0Zt7Ehq43
194,4.949999999999999,1848,1.985,joy,,0.0282842712474619,1.3647160876900368,2.964999999999999,1.3930003589374989,6.935,1,0ejC9wujLDO1ECeFO3U0Zt7Ehq43
1012,1.875,1698,1.02,joy,,0.0353553390593272,0.0282842712474619,0.855,0.0636396103067891,2.895,1,0ejC9wujLDO1ECeFO3U0Zt7Ehq43
1114,1.9,1642,1.025,anxiety,,0.1272792206135785,0.0353553390593274,0.875,0.1626345596729059,2.925,1,0ejC9wujLDO1ECeFO3U0Zt7Ehq43
1932,5.945,2060,2.99,joy,,0.0777817459305204,0.0707106781186548,2.955,0.1484924240491753,8.935,1,0ejC9wujLDO1ECeFO3U0Zt7Ehq43
1206,1.925,1365,1.035,joy,,0.0636396103067893,0.0494974746830583,0.8899999999999997,0.1131370849898477,2.96,1,0ejC9wujLDO1ECeFO3U0Zt7Ehq43
1037,1.0,1492,1.615,anxiety,,0.0,0.4737615433949868,0.615,0.4737615433949868,2.615,0,0ejC9wujLDO1ECeFO3U0Zt7Ehq43
395,1.975,1402,1.02,anxiety,,1.3788582233137678,0.0282842712474619,0.955,1.40714249456123,2.995,1,0ejC9wujLDO1ECeFO3U0Zt7Ehq43
1206,1.925,194,4.949999999999999,joy,,0.0636396103067893,0.0282842712474619,3.0249999999999995,0.0919238815542512,6.874999999999999,0,0ejC9wujLDO1ECeFO3U0Zt7Ehq43
1012,1.875,1692,1.59,joy,,0.0353553390593272,0.6505382386916236,0.2850000000000001,0.685893577750951,3.465,1,0ejC9wujLDO1ECeFO3U0Zt7Ehq43
83,4.065,1503,1.02,joy,,0.2757716446627533,0.0282842712474619,3.0449999999999995,0.3040559159102152,5.084999999999999,1,0ejC9wujLDO1ECeFO3U0Zt7Ehq43
174,4.19,2060,2.99,joy,,0.0282842712474619,0.0707106781186548,1.1999999999999993,0.0989949493661167,7.18,1,0ejC9wujLDO1ECeFO3U0Zt7Ehq43
83,4.065,1365,1.035,joy,4.36,0.2757716446627533,0.0494974746830583,3.03,0.3252691193458117,5.1,1,0ejC9wujLDO1ECeFO3U0Zt7Ehq43
1898,1.235,982,2.395,joy,6.0,0.2899137802864844,0.6717514421272203,1.16,0.9616652224137048,3.63,0,0ejC9wujLDO1ECeFO3U0Zt7Ehq43
1850,2.7750000000000004,864,3.115,joy,,0.106066017177982,0.1767766952966369,0.3399999999999998,0.2828427124746189,5.890000000000001,0,0ejC9wujLDO1ECeFO3U0Zt7Ehq43
722,1.99,758,1.035,anxiety,,1.400071426749364,0.0212132034355964,0.9549999999999998,1.4212846301849609,3.0250000000000004,1,0ejC9wujLDO1ECeFO3U0Zt7Ehq43
548,2.915,744,1.735,anxiety,,0.0919238815542511,0.3747665940288702,1.1800000000000002,0.4666904755831212,4.65,1,0ejC9wujLDO1ECeFO3U0Zt7Ehq43
864,3.115,1012,1.875,joy,,0.1767766952966369,0.0353553390593272,1.2400000000000002,0.2121320343559641,4.99,1,0ejC9wujLDO1ECeFO3U0Zt7Ehq43
190,1.315,1402,1.02,anxiety,,0.134350288425444,0.0282842712474619,0.2949999999999999,0.1626345596729059,2.335,1,0ejC9wujLDO1ECeFO3U0Zt7Ehq43
522,1.0,489,1.95,anxiety,,0.0,1.1313708498984762,0.95,1.1313708498984762,2.95,0,0ejC9wujLDO1ECeFO3U0Zt7Ehq43
46,1.35,1402,1.02,anxiety,,0.3535533905932738,0.0282842712474619,0.33,0.3818376618407357,2.37,1,0ejC9wujLDO1ECeFO3U0Zt7Ehq43
489,1.95,1642,1.025,anxiety,5.79,1.1313708498984762,0.0353553390593274,0.925,1.1667261889578036,2.975,1,0ejC9wujLDO1ECeFO3U0Zt7Ehq43
864,3.115,1206,1.925,joy,,0.1767766952966369,0.0636396103067893,1.1900000000000004,0.2404163056034262,5.04,1,0ejC9wujLDO1ECeFO3U0Zt7Ehq43
46,1.35,1642,1.025,anxiety,,0.3535533905932738,0.0353553390593274,0.3250000000000002,0.3889087296526012,2.375,1,0ejC9wujLDO1ECeFO3U0Zt7Ehq43
452,4.545,1692,1.59,joy,,0.5586143571373726,0.6505382386916236,2.955,1.2091525958289964,6.135,1,0ejC9wujLDO1ECeFO3U0Zt7Ehq43
1492,1.615,758,1.035,anxiety,,0.4737615433949868,0.0212132034355964,0.5799999999999998,0.4949747468305832,2.6500000000000004,1,0ejC9wujLDO1ECeFO3U0Zt7Ehq43
1402,1.02,1492,1.615,anxiety,,0.0282842712474619,0.4737615433949868,0.595,0.5020458146424487,2.635,0,0ejC9wujLDO1ECeFO3U0Zt7Ehq43
1777,4.22,2130,1.215,anxiety,,0.1131370849898477,0.0212132034355964,3.005,0.1343502884254441,5.435,1,0ejC9wujLDO1ECeFO3U0Zt7Ehq43
911,1.37,758,1.035,anxiety,,0.5232590180780452,0.0212132034355964,0.3349999999999999,0.5444722215136416,2.405,1,0ejC9wujLDO1ECeFO3U0Zt7Ehq43
174,4.19,1898,1.235,joy,,0.0282842712474619,0.2899137802864844,2.955,0.3181980515339463,5.424999999999999,1,0ejC9wujLDO1ECeFO3U0Zt7Ehq43
1692,1.59,1698,1.02,joy,6.97,0.6505382386916236,0.0282842712474619,0.5699999999999998,0.6788225099390855,2.61,1,0ejC9wujLDO1ECeFO3U0Zt7Ehq43
1692,1.59,1171,1.025,joy,4.89,0.6505382386916236,0.0353553390593274,0.565,0.6858935777509511,2.615,1,0ejC9wujLDO1ECeFO3U0Zt7Ehq43
1206,1.925,1343,1.285,joy,,0.0636396103067893,0.4030508652763321,0.6399999999999997,0.4666904755831215,3.21,1,0ejC9wujLDO1ECeFO3U0Zt7Ehq43
1206,1.925,1191,1.03,joy,,0.0636396103067893,0.0,0.8949999999999998,0.0636396103067893,2.955,1,0ejC9wujLDO1ECeFO3U0Zt7Ehq43
1114,1.9,1402,1.02,anxiety,,0.1272792206135785,0.0282842712474619,0.8799999999999999,0.1555634918610404,2.92,1,0ejC9wujLDO1ECeFO3U0Zt7Ehq43
83,4.065,1698,1.02,joy,,0.2757716446627533,0.0282842712474619,3.0449999999999995,0.3040559159102152,5.084999999999999,1,0ejC9wujLDO1ECeFO3U0Zt7Ehq43
1206,1.925,1692,1.59,joy,,0.0636396103067893,0.6505382386916236,0.3349999999999999,0.714177848998413,3.515,1,0ejC9wujLDO1ECeFO3U0Zt7Ehq43
2130,1.215,969,2.38,anxiety,,0.0212132034355964,0.6363961030678928,1.165,0.6576093065034893,3.595,0,0ejC9wujLDO1ECeFO3U0Zt7Ehq43
460,2.245,1037,1.0,anxiety,,0.982878425849301,0.0,1.245,0.982878425849301,3.245,1,0ejC9wujLDO1ECeFO3U0Zt7Ehq43
1848,1.985,1428,1.4300000000000002,joy,3.68,1.3647160876900368,0.6081118318204309,0.5549999999999999,1.972827919510468,3.415,1,0ejC9wujLDO1ECeFO3U0Zt7Ehq43
1848,1.985,1160,1.4449999999999998,joy,,1.3647160876900368,0.2899137802864844,0.5400000000000003,1.6546298679765212,3.43,1,0ejC9wujLDO1ECeFO3U0Zt7Ehq43
46,1.35,1037,1.0,anxiety,6.53,0.3535533905932738,0.0,0.3500000000000001,0.3535533905932738,2.35,1,0ejC9wujLDO1ECeFO3U0Zt7Ehq43
46,1.35,758,1.035,anxiety,,0.3535533905932738,0.0212132034355964,0.3149999999999999,0.3747665940288702,2.385,1,0ejC9wujLDO1ECeFO3U0Zt7Ehq43
2060,2.99,1580,2.715,joy,5.63,0.0707106781186548,0.3606244584051394,0.2750000000000003,0.4313351365237942,5.705,1,0ejC9wujLDO1ECeFO3U0Zt7Ehq43
1114,1.9,1037,1.0,anxiety,6.55,0.1272792206135785,0.0,0.8999999999999999,0.1272792206135785,2.9,1,0ejC9wujLDO1ECeFO3U0Zt7Ehq43
377,1.565,1037,1.0,anxiety,,0.657609306503489,0.0,0.565,0.657609306503489,2.565,1,0ejC9wujLDO1ECeFO3U0Zt7Ehq43
1692,1.59,1503,1.02,joy,,0.6505382386916236,0.0282842712474619,0.5699999999999998,0.6788225099390855,2.61,1,0ejC9wujLDO1ECeFO3U0Zt7Ehq43
460,2.245,1402,1.02,anxiety,6.79,0.982878425849301,0.0282842712474619,1.225,1.0111626970967629,3.265,1,0ejC9wujLDO1ECeFO3U0Zt7Ehq43
1012,1.875,1343,1.285,joy,,0.0353553390593272,0.4030508652763321,0.5899999999999999,0.4384062043356594,3.16,1,0ejC9wujLDO1ECeFO3U0Zt7Ehq43
452,4.545,844,1.49,joy,,0.5586143571373726,0.6929646455628166,3.055,1.2515790027001892,6.035,1,0ejC9wujLDO1ECeFO3U0Zt7Ehq43
1114,1.9,522,1.0,anxiety,,0.1272792206135785,0.0,0.8999999999999999,0.1272792206135785,2.9,1,0ejC9wujLDO1ECeFO3U0Zt7Ehq43
1743,2.0,1160,1.4449999999999998,joy,,0.0707106781186546,0.2899137802864844,0.5550000000000002,0.360624458405139,3.445,1,0ejC9wujLDO1ECeFO3U0Zt7Ehq43
1692,1.59,1343,1.285,joy,,0.6505382386916236,0.4030508652763321,0.3049999999999997,1.0535891039679557,2.875,1,0ejC9wujLDO1ECeFO3U0Zt7Ehq43
1206,1.925,1503,1.02,joy,6.78,0.0636396103067893,0.0282842712474619,0.9049999999999998,0.0919238815542512,2.945,1,0ejC9wujLDO1ECeFO3U0Zt7Ehq43
46,1.35,1114,1.9,anxiety,6.95,0.3535533905932738,0.1272792206135785,0.5499999999999998,0.4808326112068523,3.25,0,0ejC9wujLDO1ECeFO3U0Zt7Ehq43
83,4.065,1281,1.0550000000000002,joy,,0.2757716446627533,0.0070710678118654,3.01,0.2828427124746188,5.119999999999999,1,0ejC9wujLDO1ECeFO3U0Zt7Ehq43
460,2.245,758,1.035,anxiety,,0.982878425849301,0.0212132034355964,1.21,1.0040916292848974,3.28,1,0ejC9wujLDO1ECeFO3U0Zt7Ehq43
190,1.315,1642,1.025,anxiety,,0.134350288425444,0.0353553390593274,0.29,0.1697056274847714,2.34,1,0ejC9wujLDO1ECeFO3U0Zt7Ehq43
1661,5.01,1698,2.0,joy,,0.0282842712474619,1.3859292911256331,3.01,1.4142135623730951,7.01,1,3SWetrRpRJdKgPEMPoRIclTnlsr2
377,7.0,722,6.05,anxiety,,0.0,1.3435028842544403,0.9500000000000002,1.3435028842544403,13.05,1,3SWetrRpRJdKgPEMPoRIclTnlsr2
1679,5.535,489,2.48,anxiety,,0.685893577750951,0.8202438661763952,3.055,1.5061374439273465,8.015,1,3SWetrRpRJdKgPEMPoRIclTnlsr2
1012,2.935,1898,2.0,joy,,0.0494974746830585,0.0424264068711927,0.935,0.0919238815542512,4.9350000000000005,1,3SWetrRpRJdKgPEMPoRIclTnlsr2
1037,4.04,758,1.03,anxiety,,2.8708535316173838,0.0424264068711928,3.01,2.9132799384885764,5.07,1,3SWetrRpRJdKgPEMPoRIclTnlsr2
194,5.915,1661,5.01,joy,,1.3788582233137672,0.0282842712474619,0.9050000000000002,1.4071424945612292,10.925,1,3SWetrRpRJdKgPEMPoRIclTnlsr2
1767,7.0,115,3.965,anxiety,,0.0,1.4354267658086917,3.035,1.4354267658086917,10.965,1,3SWetrRpRJdKgPEMPoRIclTnlsr2
1171,4.04,1743,1.01,joy,6.92,1.428355697996826,0.0,3.03,1.428355697996826,5.05,1,3SWetrRpRJdKgPEMPoRIclTnlsr2
194,5.915,1343,5.57,joy,,1.3788582233137672,0.7212489168102788,0.3449999999999997,2.100107140124046,11.485,1,3SWetrRpRJdKgPEMPoRIclTnlsr2
2060,2.42,1932,1.545,joy,,0.7636753236814714,0.4879036790187177,0.875,1.2515790027001892,3.965,1,3SWetrRpRJdKgPEMPoRIclTnlsr2
1737,7.0,115,3.965,anxiety,,0.0,1.4354267658086917,3.035,1.4354267658086917,10.965,1,3SWetrRpRJdKgPEMPoRIclTnlsr2
491,1.565,1777,2.445,anxiety,,0.7848885271170678,0.6151828996322964,0.8799999999999999,1.4000714267493644,4.01,0,3SWetrRpRJdKgPEMPoRIclTnlsr2
1365,1.94,1743,1.01,joy,,0.0282842712474619,0.0,0.93,0.0282842712474619,2.95,1,3SWetrRpRJdKgPEMPoRIclTnlsr2
1661,5.01,1898,2.0,joy,,0.0282842712474619,0.0424264068711927,3.01,0.0707106781186546,7.01,1,3SWetrRpRJdKgPEMPoRIclTnlsr2
115,3.965,730,4.525,anxiety,6.97,1.4354267658086917,2.184959953866432,0.56,3.620386719675124,8.49,0,3SWetrRpRJdKgPEMPoRIclTnlsr2
1580,3.5650000000000004,2060,2.42,joy,,2.128391411371508,0.7636753236814714,1.1450000000000005,2.89206673505298,5.985,1,3SWetrRpRJdKgPEMPoRIclTnlsr2
1159,1.505,2060,2.42,joy,,0.7141778489984129,0.7636753236814714,0.915,1.4778531726798845,3.925,0,3SWetrRpRJdKgPEMPoRIclTnlsr2
1171,4.04,1206,1.0,joy,,1.428355697996826,0.0,3.04,1.428355697996826,5.04,1,3SWetrRpRJdKgPEMPoRIclTnlsr2
1114,5.94,522,2.905,anxiety,,0.0141421356237312,0.0070710678118656,3.0349999999999997,0.0212132034355969,8.844999999999999,1,3SWetrRpRJdKgPEMPoRIclTnlsr2
452,2.48,1932,1.545,joy,,0.664680374315355,0.4879036790187177,0.935,1.1525840533340728,4.025,1,3SWetrRpRJdKgPEMPoRIclTnlsr2
1428,1.49,2060,2.42,joy,,0.6505382386916236,0.7636753236814714,0.93,1.414213562373095,3.91,0,3SWetrRpRJdKgPEMPoRIclTnlsr2
489,2.48,1402,1.5699999999999998,anxiety,,0.8202438661763952,0.6505382386916235,0.91,1.4707821048680187,4.05,1,3SWetrRpRJdKgPEMPoRIclTnlsr2
194,5.915,982,6.52,joy,,1.3788582233137672,0.6222539674441617,0.6049999999999995,2.001112190757929,12.435,0,3SWetrRpRJdKgPEMPoRIclTnlsr2
1580,3.5650000000000004,174,2.9850000000000003,joy,,2.128391411371508,0.0212132034355962,0.5800000000000001,2.1496046148071044,6.550000000000001,1,3SWetrRpRJdKgPEMPoRIclTnlsr2
1698,2.0,1012,2.935,joy,,1.3859292911256331,0.0494974746830585,0.935,1.4354267658086917,4.9350000000000005,0,3SWetrRpRJdKgPEMPoRIclTnlsr2
1683,5.45,1850,5.7,joy,,0.7636753236814714,0.4808326112068521,0.25,1.2445079348883237,11.15,0,3SWetrRpRJdKgPEMPoRIclTnlsr2
730,4.525,1402,1.5699999999999998,anxiety,,2.184959953866432,0.6505382386916235,2.9550000000000005,2.835498192558056,6.095000000000001,1,3SWetrRpRJdKgPEMPoRIclTnlsr2
174,2.9850000000000003,2060,2.42,joy,6.9,0.0212132034355962,0.7636753236814714,0.5650000000000004,0.7848885271170677,5.405,1,3SWetrRpRJdKgPEMPoRIclTnlsr2
730,4.525,271,1.49,anxiety,,2.184959953866432,0.6929646455628166,3.035,2.8779245994292486,6.015000000000001,1,3SWetrRpRJdKgPEMPoRIclTnlsr2
1283,6.0,395,6.949999999999999,anxiety,,1.4142135623730951,0.0282842712474619,0.9499999999999992,1.4424978336205572,12.95,0,3SWetrRpRJdKgPEMPoRIclTnlsr2
548,5.49,489,2.48,anxiety,,0.7071067811865476,0.8202438661763952,3.01,1.5273506473629428,7.970000000000001,1,3SWetrRpRJdKgPEMPoRIclTnlsr2
452,2.48,1191,1.925,joy,,0.664680374315355,0.0212132034355964,0.5550000000000002,0.6858935777509514,4.404999999999999,1,3SWetrRpRJdKgPEMPoRIclTnlsr2
1932,1.545,1206,1.0,joy,7.0,0.4879036790187177,0.0,0.5449999999999999,0.4879036790187177,2.545,1,3SWetrRpRJdKgPEMPoRIclTnlsr2
1850,5.7,83,5.955,joy,,0.4808326112068521,0.0494974746830585,0.2549999999999999,0.5303300858899106,11.655,0,3SWetrRpRJdKgPEMPoRIclTnlsr2
1503,3.52,1012,2.935,joy,,2.107178207935912,0.0494974746830585,0.5849999999999995,2.15667568261897,6.455,1,3SWetrRpRJdKgPEMPoRIclTnlsr2
2130,5.495,1777,2.445,anxiety,6.22,0.7283199846221434,0.6151828996322964,3.0500000000000003,1.34350288425444,7.939999999999999,1,3SWetrRpRJdKgPEMPoRIclTnlsr2
722,6.05,2130,5.495,anxiety,,1.3435028842544403,0.7283199846221434,0.5549999999999997,2.071822868876584,11.545,1,3SWetrRpRJdKgPEMPoRIclTnlsr2
2060,2.42,864,1.485,joy,5.78,0.7636753236814714,0.6858935777509511,0.935,1.4495689014324225,3.905,1,3SWetrRpRJdKgPEMPoRIclTnlsr2
2130,5.495,489,2.48,anxiety,,0.7283199846221434,0.8202438661763952,3.015,1.5485638507985386,7.975,1,3SWetrRpRJdKgPEMPoRIclTnlsr2
1661,5.01,1343,5.57,joy,,0.0282842712474619,0.7212489168102788,0.5600000000000005,0.7495331880577407,10.58,0,3SWetrRpRJdKgPEMPoRIclTnlsr2
2102,3.0,2060,2.42,joy,,2.7860007178749973,0.7636753236814714,0.5800000000000001,3.5496760415564688,5.42,1,3SWetrRpRJdKgPEMPoRIclTnlsr2
1683,5.45,452,2.48,joy,,0.7636753236814714,0.664680374315355,2.97,1.4283556979968264,7.93,1,3SWetrRpRJdKgPEMPoRIclTnlsr2
1777,2.445,1402,1.5699999999999998,anxiety,6.98,0.6151828996322964,0.6505382386916235,0.875,1.26572113832392,4.015,1,3SWetrRpRJdKgPEMPoRIclTnlsr2
1580,3.5650000000000004,2102,3.0,joy,,2.128391411371508,2.7860007178749973,0.5650000000000004,4.914392129246505,6.565,1,3SWetrRpRJdKgPEMPoRIclTnlsr2
1661,5.01,844,2.01,joy,,0.0282842712474619,1.3152186130069785,3.0,1.3435028842544403,7.02,1,3SWetrRpRJdKgPEMPoRIclTnlsr2
1191,1.925,1743,1.01,joy,6.6,0.0212132034355964,0.0,0.9149999999999998,0.0212132034355964,2.935,1,3SWetrRpRJdKgPEMPoRIclTnlsr2
1642,1.4449999999999998,911,2.02,anxiety,,0.6293250352560272,0.0141421356237309,0.5749999999999997,0.6434671708797582,3.4649999999999994,0,3SWetrRpRJdKgPEMPoRIclTnlsr2
1012,2.935,83,5.955,joy,,0.0494974746830585,0.0494974746830585,3.02,0.098994949366117,8.89,0,3SWetrRpRJdKgPEMPoRIclTnlsr2
489,2.48,491,1.565,anxiety,,0.8202438661763952,0.7848885271170678,0.915,1.605132393293463,4.045,1,3SWetrRpRJdKgPEMPoRIclTnlsr2
982,6.52,1503,3.52,joy,,0.6222539674441617,2.107178207935912,3.0,2.7294321753800737,10.04,1,3SWetrRpRJdKgPEMPoRIclTnlsr2
969,1.035,1037,4.04,anxiety,,0.0494974746830583,2.8708535316173838,3.005,2.9203510063004416,5.075,0,3SWetrRpRJdKgPEMPoRIclTnlsr2
1160,1.45,1698,2.0,joy,5.34,0.6363961030678927,1.3859292911256331,0.55,2.0223253941935257,3.45,0,3SWetrRpRJdKgPEMPoRIclTnlsr2
1114,5.94,2121,6.515000000000001,anxiety,,0.0141421356237312,0.629325035256027,0.5750000000000011,0.6434671708797582,12.455,0,3SWetrRpRJdKgPEMPoRIclTnlsr2
982,6.52,1580,3.5650000000000004,joy,,0.6222539674441617,2.128391411371508,2.954999999999999,2.75064537881567,10.085,1,3SWetrRpRJdKgPEMPoRIclTnlsr2
1012,2.935,844,2.01,joy,,0.0494974746830585,1.3152186130069785,0.9250000000000004,1.3647160876900368,4.945,1,3SWetrRpRJdKgPEMPoRIclTnlsr2
1114,5.94,190,6.515000000000001,anxiety,,0.0141421356237312,0.685893577750951,0.5750000000000011,0.7000357133746822,12.455,0,3SWetrRpRJdKgPEMPoRIclTnlsr2
1767,7.0,722,6.05,anxiety,,0.0,1.3435028842544403,0.9500000000000002,1.3435028842544403,13.05,1,3SWetrRpRJdKgPEMPoRIclTnlsr2
1160,1.45,1898,2.0,joy,,0.6363961030678927,0.0424264068711927,0.55,0.6788225099390854,3.45,0,3SWetrRpRJdKgPEMPoRIclTnlsr2
730,4.525,491,1.565,anxiety,6.45,2.184959953866432,0.7848885271170678,2.9600000000000004,2.9698484809835,6.09,1,3SWetrRpRJdKgPEMPoRIclTnlsr2
83,5.955,2102,3.0,joy,,0.0494974746830585,2.7860007178749973,2.955,2.835498192558056,8.955,1,3SWetrRpRJdKgPEMPoRIclTnlsr2
452,2.48,1365,1.94,joy,,0.664680374315355,0.0282842712474619,0.54,0.6929646455628169,4.42,1,3SWetrRpRJdKgPEMPoRIclTnlsr2
395,6.949999999999999,115,3.965,anxiety,6.96,0.0282842712474619,1.4354267658086917,2.984999999999999,1.4637110370561537,10.915,1,3SWetrRpRJdKgPEMPoRIclTnlsr2
1737,7.0,722,6.05,anxiety,6.99,0.0,1.3435028842544403,0.9500000000000002,1.3435028842544403,13.05,1,3SWetrRpRJdKgPEMPoRIclTnlsr2
548,5.49,1777,2.445,anxiety,,0.7071067811865476,0.6151828996322964,3.0450000000000004,1.322289680818844,7.935,1,3SWetrRpRJdKgPEMPoRIclTnlsr2
1580,3.5650000000000004,1012,2.935,joy,,2.128391411371508,0.0494974746830585,0.6300000000000003,2.1778888860545664,6.5,1,3SWetrRpRJdKgPEMPoRIclTnlsr2
1848,1.495,2060,2.42,joy,,0.7000357133746821,0.7636753236814714,0.9249999999999998,1.4637110370561537,3.915,0,3SWetrRpRJdKgPEMPoRIclTnlsr2
1191,1.925,1206,1.0,joy,6.89,0.0212132034355964,0.0,0.9249999999999998,0.0212132034355964,2.925,1,3SWetrRpRJdKgPEMPoRIclTnlsr2
46,7.0,722,6.05,anxiety,,0.0,1.3435028842544403,0.9500000000000002,1.3435028842544403,13.05,1,3SWetrRpRJdKgPEMPoRIclTnlsr2
1777,2.445,271,1.49,anxiety,,0.6151828996322964,0.6929646455628166,0.9549999999999998,1.308147545195113,3.935,1,3SWetrRpRJdKgPEMPoRIclTnlsr2
1692,7.0,1171,4.04,joy,7.0,0.0,1.428355697996826,2.96,1.428355697996826,11.04,1,3SWetrRpRJdKgPEMPoRIclTnlsr2
194,5.915,1012,2.935,joy,,1.3788582233137672,0.0494974746830585,2.98,1.4283556979968255,8.85,1,3SWetrRpRJdKgPEMPoRIclTnlsr2
83,5.955,174,2.9850000000000003,joy,6.99,0.0494974746830585,0.0212132034355962,2.97,0.0707106781186548,8.940000000000001,1,3SWetrRpRJdKgPEMPoRIclTnlsr2
460,7.0,722,6.05,anxiety,,0.0,1.3435028842544403,0.9500000000000002,1.3435028842544403,13.05,1,3SWetrRpRJdKgPEMPoRIclTnlsr2
722,6.05,548,5.49,anxiety,,1.3435028842544403,0.7071067811865476,0.5599999999999996,2.050609665440988,11.54,1,3SWetrRpRJdKgPEMPoRIclTnlsr2
1683,5.45,2060,2.42,joy,,0.7636753236814714,0.7636753236814714,3.03,1.5273506473629428,7.87,1,3SWetrRpRJdKgPEMPoRIclTnlsr2
395,6.949999999999999,1492,6.02,anxiety,,0.0282842712474619,0.0141421356237312,0.9299999999999996,0.0424264068711932,12.97,1,3SWetrRpRJdKgPEMPoRIclTnlsr2
844,2.01,1160,1.45,joy,,1.3152186130069785,0.6363961030678927,0.5599999999999998,1.9516147160748711,3.46,1,3SWetrRpRJdKgPEMPoRIclTnlsr2
1365,1.94,1206,1.0,joy,,0.0282842712474619,0.0,0.94,0.0282842712474619,2.94,1,3SWetrRpRJdKgPEMPoRIclTnlsr2
522,2.905,911,2.02,anxiety,,0.0070710678118656,0.0141421356237309,0.8850000000000007,0.0212132034355966,4.925,1,3SWetrRpRJdKgPEMPoRIclTnlsr2
395,6.949999999999999,722,6.05,anxiety,6.9,0.0282842712474619,1.3435028842544403,0.8999999999999995,1.3717871555019026,13.0,1,3SWetrRpRJdKgPEMPoRIclTnlsr2
