chosenVideoID,chosenVideoRating,notChosenVideoID,notChosenVideoRating,emotionName,confidenceRating,chosenVideoVar,notChosenVideoVar,value_difference,summed_variability,summed_value,consistent_choice,subject_id
0648,3.765,1679,4.625,anxiety,4.65,0.8414570696119918,0.12020815280171303,0.8599999999999999,0.9616652224137049,8.39,0,4G1tK8qkj0PHUfED8hXzqbo49BC2
0190,4.37,1679,4.625,anxiety,,0.4101219330881976,0.12020815280171303,0.2549999999999999,0.5303300858899106,8.995000000000001,0,4G1tK8qkj0PHUfED8hXzqbo49BC2
1191,4.265000000000001,1206,3.9299999999999997,joy,,0.7848885271170679,0.8909545442950497,0.33500000000000085,1.6758430714121175,8.195,1,4G1tK8qkj0PHUfED8hXzqbo49BC2
0174,4.37,1850,3.18,joy,,1.0040916292848974,0.6222539674441617,1.19,1.6263455967290592,7.550000000000001,1,4G1tK8qkj0PHUfED8hXzqbo49BC2
0648,3.765,1114,4.720000000000001,anxiety,5.44,0.8414570696119918,0.042426406871192576,0.9550000000000005,0.8838834764831844,8.485000000000001,0,4G1tK8qkj0PHUfED8hXzqbo49BC2
0377,4.785,1037,3.62,anxiety,,0.388908729652601,0.8909545442950497,1.165,1.2798632739476508,8.405000000000001,1,4G1tK8qkj0PHUfED8hXzqbo49BC2
1365,3.2350000000000003,0844,2.08,joy,,0.8697413408594534,0.2262741699796954,1.1550000000000002,1.0960155108391487,5.315,1,4G1tK8qkj0PHUfED8hXzqbo49BC2
1343,4.48,1365,3.2350000000000003,joy,,0.07071067811865513,0.8697413408594534,1.245,0.9404520189781086,7.715000000000001,1,4G1tK8qkj0PHUfED8hXzqbo49BC2
2060,3.03,0844,2.08,joy,,0.0,0.2262741699796954,0.9499999999999997,0.2262741699796954,5.109999999999999,1,4G1tK8qkj0PHUfED8hXzqbo49BC2
1206,3.9299999999999997,1171,4.79,joy,,0.8909545442950497,0.4666904755831215,0.8600000000000003,1.3576450198781713,8.719999999999999,0,4G1tK8qkj0PHUfED8hXzqbo49BC2
1850,3.18,1580,2.235,joy,,0.6222539674441617,0.44547727214752486,0.9450000000000003,1.0677312395916867,5.415,1,4G1tK8qkj0PHUfED8hXzqbo49BC2
0648,3.765,0548,4.955,anxiety,5.55,0.8414570696119918,0.7283199846221434,1.19,1.5697770542341352,8.72,0,4G1tK8qkj0PHUfED8hXzqbo49BC2
2102,4.15,1365,3.2350000000000003,joy,,1.682914139223983,0.8697413408594534,0.915,2.5526554800834367,7.385000000000001,1,4G1tK8qkj0PHUfED8hXzqbo49BC2
1698,3.335,1206,3.9299999999999997,joy,,0.24748737341529137,0.8909545442950497,0.5949999999999998,1.138441917710341,7.265,0,4G1tK8qkj0PHUfED8hXzqbo49BC2
0460,4.9,1679,4.625,anxiety,,0.6363961030678924,0.12020815280171303,0.27500000000000036,0.7566042558696054,9.525,1,4G1tK8qkj0PHUfED8hXzqbo49BC2
0982,3.675,1191,4.265000000000001,joy,,0.14849242404917495,0.7848885271170679,0.5900000000000007,0.9333809511662429,7.94,0,4G1tK8qkj0PHUfED8hXzqbo49BC2
0190,4.37,0395,4.050000000000001,anxiety,,0.4101219330881976,0.7919595949289333,0.3199999999999994,1.2020815280171309,8.420000000000002,1,4G1tK8qkj0PHUfED8hXzqbo49BC2
0722,5.12,0758,3.95,anxiety,,0.6505382386916236,0.9899494936611668,1.17,1.6404877323527904,9.07,1,4G1tK8qkj0PHUfED8hXzqbo49BC2
0982,3.675,2060,3.03,joy,,0.14849242404917495,0.0,0.645,0.14849242404917495,6.705,1,4G1tK8qkj0PHUfED8hXzqbo49BC2
0969,3.575,1777,3.255,anxiety,,1.4354267658086912,0.4313351365237939,0.3200000000000003,1.866761902332485,6.83,1,4G1tK8qkj0PHUfED8hXzqbo49BC2
1343,4.48,1683,4.234999999999999,joy,,0.07071067811865513,0.049497474683057895,0.245000000000001,0.12020815280171301,8.715,1,4G1tK8qkj0PHUfED8hXzqbo49BC2
1683,4.234999999999999,1698,3.335,joy,,0.049497474683057895,0.24748737341529137,0.8999999999999995,0.29698484809834924,7.569999999999999,1,4G1tK8qkj0PHUfED8hXzqbo49BC2
1698,3.335,0844,2.08,joy,,0.24748737341529137,0.2262741699796954,1.255,0.4737615433949868,5.415,1,4G1tK8qkj0PHUfED8hXzqbo49BC2
1160,4.855,1281,1.835,joy,,0.1626345596729056,1.0394469683442247,3.0200000000000005,1.2020815280171302,6.69,1,4G1tK8qkj0PHUfED8hXzqbo49BC2
2121,5.21,1737,4.625,anxiety,,0.19798989873223286,0.06363961030678918,0.585,0.26162950903902205,9.835,1,4G1tK8qkj0PHUfED8hXzqbo49BC2
1898,2.065,1365,3.2350000000000003,joy,,0.6151828996322964,0.8697413408594534,1.1700000000000004,1.48492424049175,5.300000000000001,0,4G1tK8qkj0PHUfED8hXzqbo49BC2
1171,4.79,1743,1.79,joy,3.14,0.4666904755831215,0.24041630560342606,3.0,0.7071067811865476,6.58,1,4G1tK8qkj0PHUfED8hXzqbo49BC2
0452,4.54,1206,3.9299999999999997,joy,,1.470782104868019,0.8909545442950497,0.6100000000000003,2.3617366491630687,8.469999999999999,1,4G1tK8qkj0PHUfED8hXzqbo49BC2
1037,3.62,0046,2.99,anxiety,,0.8909545442950497,0.014142135623730963,0.6299999999999999,0.9050966799187807,6.61,1,4G1tK8qkj0PHUfED8hXzqbo49BC2
0982,3.675,0452,4.54,joy,,0.14849242404917495,1.470782104868019,0.8650000000000002,1.619274528917194,8.215,0,4G1tK8qkj0PHUfED8hXzqbo49BC2
2121,5.21,1679,4.625,anxiety,,0.19798989873223286,0.12020815280171303,0.585,0.31819805153394587,9.835,1,4G1tK8qkj0PHUfED8hXzqbo49BC2
1743,1.79,0844,2.08,joy,,0.24041630560342606,0.2262741699796954,0.29000000000000004,0.4666904755831215,3.87,0,4G1tK8qkj0PHUfED8hXzqbo49BC2
1037,3.62,0758,3.95,anxiety,4.47,0.8909545442950497,0.9899494936611668,0.33000000000000007,1.8809040379562165,7.57,0,4G1tK8qkj0PHUfED8hXzqbo49BC2
1737,4.625,0395,4.050000000000001,anxiety,,0.06363961030678918,0.7919595949289333,0.5749999999999993,0.8555992052357225,8.675,1,4G1tK8qkj0PHUfED8hXzqbo49BC2
1737,4.625,0648,3.765,anxiety,,0.06363961030678918,0.8414570696119918,0.8599999999999999,0.9050966799187811,8.39,1,4G1tK8qkj0PHUfED8hXzqbo49BC2
1160,4.855,1206,3.9299999999999997,joy,5.43,0.1626345596729056,0.8909545442950497,0.9250000000000007,1.0535891039679552,8.785,1,4G1tK8qkj0PHUfED8hXzqbo49BC2
1037,3.62,1767,4.79,anxiety,,0.8909545442950497,0.1838477631085022,1.17,1.074802307403552,8.41,0,4G1tK8qkj0PHUfED8hXzqbo49BC2
0271,4.965,1402,1.965,anxiety,,0.12020815280171303,0.2757716446627536,3.0,0.39597979746446665,6.93,1,4G1tK8qkj0PHUfED8hXzqbo49BC2
1191,4.265000000000001,1698,3.335,joy,,0.7848885271170679,0.24748737341529137,0.9300000000000006,1.0323759005323594,7.6000000000000005,1,4G1tK8qkj0PHUfED8hXzqbo49BC2
0548,4.955,0395,4.050000000000001,anxiety,5.45,0.7283199846221434,0.7919595949289333,0.9049999999999994,1.5202795795510768,9.005,1,4G1tK8qkj0PHUfED8hXzqbo49BC2
1679,4.625,0395,4.050000000000001,anxiety,,0.12020815280171303,0.7919595949289333,0.5749999999999993,0.9121677477306463,8.675,1,4G1tK8qkj0PHUfED8hXzqbo49BC2
0395,4.050000000000001,1283,4.705,anxiety,,0.7919595949289333,0.48790367901871745,0.6549999999999994,1.2798632739476508,8.755,0,4G1tK8qkj0PHUfED8hXzqbo49BC2
0548,4.955,1679,4.625,anxiety,,0.7283199846221434,0.12020815280171303,0.33000000000000007,0.8485281374238565,9.58,1,4G1tK8qkj0PHUfED8hXzqbo49BC2
0271,4.965,0648,3.765,anxiety,,0.12020815280171303,0.8414570696119918,1.1999999999999997,0.9616652224137049,8.73,1,4G1tK8qkj0PHUfED8hXzqbo49BC2
0548,4.955,1402,1.965,anxiety,,0.7283199846221434,0.2757716446627536,2.99,1.004091629284897,6.92,1,4G1tK8qkj0PHUfED8hXzqbo49BC2
1661,5.175000000000001,1580,2.235,joy,,0.6717514421272203,0.44547727214752486,2.940000000000001,1.117228714274745,7.41,1,4G1tK8qkj0PHUfED8hXzqbo49BC2
1365,3.2350000000000003,1848,1.99,joy,,0.8697413408594534,0.31112698372208086,1.2450000000000003,1.1808683245815343,5.2250000000000005,1,4G1tK8qkj0PHUfED8hXzqbo49BC2
0730,4.955,0648,3.765,anxiety,,0.19091883092036754,0.8414570696119918,1.19,1.0323759005323594,8.72,1,4G1tK8qkj0PHUfED8hXzqbo49BC2
1343,4.48,1206,3.9299999999999997,joy,5.24,0.07071067811865513,0.8909545442950497,0.5500000000000007,0.9616652224137049,8.41,1,4G1tK8qkj0PHUfED8hXzqbo49BC2
1932,1.6400000000000001,0864,1.0,joy,,0.325269119345812,0.0,0.6400000000000001,0.325269119345812,2.64,1,4G1tK8qkj0PHUfED8hXzqbo49BC2
0969,3.575,1767,4.79,anxiety,2.98,1.4354267658086912,0.1838477631085022,1.2149999999999999,1.6192745289171935,8.365,0,4G1tK8qkj0PHUfED8hXzqbo49BC2
1848,1.99,1428,1.4300000000000002,joy,,0.31112698372208086,0.19798989873223333,0.5599999999999998,0.5091168824543142,3.42,1,4G1tK8qkj0PHUfED8hXzqbo49BC2
1114,4.720000000000001,0190,4.37,anxiety,,0.042426406871192576,0.4101219330881976,0.35000000000000053,0.4525483399593902,9.09,1,4G1tK8qkj0PHUfED8hXzqbo49BC2
0982,3.675,1692,2.795,joy,,0.14849242404917495,0.21920310216782976,0.8799999999999999,0.36769552621700474,6.47,1,4G1tK8qkj0PHUfED8hXzqbo49BC2
1580,2.235,1848,1.99,joy,2.74,0.44547727214752486,0.31112698372208086,0.24499999999999988,0.7566042558696058,4.225,1,4G1tK8qkj0PHUfED8hXzqbo49BC2
1171,4.79,1281,1.835,joy,,0.4666904755831215,1.0394469683442247,2.955,1.5061374439273463,6.625,1,4G1tK8qkj0PHUfED8hXzqbo49BC2
0271,4.965,0395,4.050000000000001,anxiety,,0.12020815280171303,0.7919595949289333,0.9149999999999991,0.9121677477306463,9.015,1,4G1tK8qkj0PHUfED8hXzqbo49BC2
1848,1.99,1932,1.6400000000000001,joy,,0.31112698372208086,0.325269119345812,0.34999999999999987,0.6363961030678928,3.63,1,4G1tK8qkj0PHUfED8hXzqbo49BC2
1692,2.795,1698,3.335,joy,2.94,0.21920310216782976,0.24748737341529137,0.54,0.46669047558312116,6.13,0,4G1tK8qkj0PHUfED8hXzqbo49BC2
1898,2.065,1743,1.79,joy,,0.6151828996322964,0.24041630560342606,0.2749999999999999,0.8555992052357225,3.855,1,4G1tK8qkj0PHUfED8hXzqbo49BC2
1281,1.835,0844,2.08,joy,,1.0394469683442247,0.2262741699796954,0.2450000000000001,1.26572113832392,3.915,0,4G1tK8qkj0PHUfED8hXzqbo49BC2
1642,5.33,0190,4.37,anxiety,,0.141421356237309,0.4101219330881976,0.96,0.5515432893255066,9.7,1,4G1tK8qkj0PHUfED8hXzqbo49BC2
0489,4.665,0395,4.050000000000001,anxiety,,2.3546655813512034,0.7919595949289333,0.6149999999999993,3.1466251762801365,8.715,1,4G1tK8qkj0PHUfED8hXzqbo49BC2
0491,5.67,1114,4.720000000000001,anxiety,,0.7071067811865476,0.042426406871192576,0.9499999999999993,0.7495331880577402,10.39,1,4G1tK8qkj0PHUfED8hXzqbo49BC2
1281,1.835,2060,3.03,joy,4.81,1.0394469683442247,0.0,1.1949999999999998,1.0394469683442247,4.865,0,4G1tK8qkj0PHUfED8hXzqbo49BC2
0982,3.675,1683,4.234999999999999,joy,,0.14849242404917495,0.049497474683057895,0.5599999999999996,0.19798989873223286,7.909999999999999,0,4G1tK8qkj0PHUfED8hXzqbo49BC2
0730,4.955,0190,4.37,anxiety,,0.19091883092036754,0.4101219330881976,0.585,0.6010407640085651,9.325,1,4G1tK8qkj0PHUfED8hXzqbo49BC2
1743,1.79,2060,3.03,joy,,0.24041630560342606,0.0,1.2399999999999998,0.24041630560342606,4.82,0,4G1tK8qkj0PHUfED8hXzqbo49BC2
0982,3.675,1206,3.9299999999999997,joy,5.87,0.14849242404917495,0.8909545442950497,0.2549999999999999,1.0394469683442247,7.6049999999999995,0,4G1tK8qkj0PHUfED8hXzqbo49BC2
1492,5.8100000000000005,1679,4.625,anxiety,,0.9616652224137049,0.12020815280171303,1.1850000000000005,1.081873375215418,10.435,1,4G1tK8qkj0PHUfED8hXzqbo49BC2
0046,2.99,0969,3.575,anxiety,4.75,0.014142135623730963,1.4354267658086912,0.585,1.4495689014324222,6.565,0,4G1tK8qkj0PHUfED8hXzqbo49BC2
1012,4.63,1932,1.6400000000000001,joy,,1.4424978336205572,0.325269119345812,2.9899999999999998,1.767766952966369,6.27,1,4G1tK8qkj0PHUfED8hXzqbo49BC2
1679,4.625,0115,3.365,anxiety,,0.12020815280171303,0.14849242404917526,1.2599999999999998,0.2687005768508883,7.99,1,4G1tK8qkj0PHUfED8hXzqbo49BC2
0271,4.965,0190,4.37,anxiety,5.08,0.12020815280171303,0.4101219330881976,0.5949999999999998,0.5303300858899106,9.335,1,4G1tK8qkj0PHUfED8hXzqbo49BC2
1692,2.795,1281,1.835,joy,,0.21920310216782976,1.0394469683442247,0.96,1.2586500705120545,4.63,1,4G1tK8qkj0PHUfED8hXzqbo49BC2
2121,5.21,0489,4.665,anxiety,,0.19798989873223286,2.3546655813512034,0.5449999999999999,2.5526554800834362,9.875,1,4G1tK8qkj0PHUfED8hXzqbo49BC2
1206,3.9299999999999997,2060,3.03,joy,6.01,0.8909545442950497,0.0,0.8999999999999999,0.8909545442950497,6.959999999999999,1,4G1tK8qkj0PHUfED8hXzqbo49BC2
0115,3.365,0758,3.95,anxiety,,0.14849242404917526,0.9899494936611668,0.585,1.138441917710342,7.315,0,4G1tK8qkj0PHUfED8hXzqbo49BC2
0648,3.765,0190,4.37,anxiety,,0.8414570696119918,0.4101219330881976,0.605,1.2515790027001894,8.135,0,4G1tK8qkj0PHUfED8hXzqbo49BC2
1343,4.48,1428,1.4300000000000002,joy,7,0.07071067811865513,0.19798989873223333,3.0500000000000003,0.26870057685088844,5.91,1,4G1tK8qkj0PHUfED8hXzqbo49BC2
0982,3.675,1698,3.335,joy,,0.14849242404917495,0.24748737341529137,0.33999999999999986,0.3959797974644663,7.01,1,4G1tK8qkj0PHUfED8hXzqbo49BC2
0194,3.44,1580,2.235,joy,,0.08485281374238578,0.44547727214752486,1.205,0.5303300858899106,5.675,1,4G1tK8qkj0PHUfED8hXzqbo49BC2
0982,3.675,1012,4.63,joy,,0.14849242404917495,1.4424978336205572,0.9550000000000001,1.5909902576697321,8.305,0,4G1tK8qkj0PHUfED8hXzqbo49BC2
1503,6.33,1698,3.335,joy,,0.9475230867899735,0.24748737341529137,2.995,1.195010460205265,9.665,1,4G1tK8qkj0PHUfED8hXzqbo49BC2
0730,4.955,0395,4.050000000000001,anxiety,,0.19091883092036754,0.7919595949289333,0.9049999999999994,0.9828784258493009,9.005,1,4G1tK8qkj0PHUfED8hXzqbo49BC2
0648,3.765,1283,4.705,anxiety,,0.8414570696119918,0.48790367901871745,0.94,1.3293607486307093,8.47,0,4G1tK8qkj0PHUfED8hXzqbo49BC2
0730,4.955,1679,4.625,anxiety,,0.19091883092036754,0.12020815280171303,0.33000000000000007,0.3111269837220806,9.58,1,4G1tK8qkj0PHUfED8hXzqbo49BC2
1848,1.99,1850,3.18,joy,4.37,0.31112698372208086,0.6222539674441617,1.1900000000000002,0.9333809511662425,5.17,0,4G1tK8qkj0PHUfED8hXzqbo49BC2
1661,5.175000000000001,1683,4.234999999999999,joy,,0.6717514421272203,0.049497474683057895,0.9400000000000013,0.7212489168102781,9.41,1,4G1tK8qkj0PHUfED8hXzqbo49BC2
0377,4.785,0969,3.575,anxiety,,0.388908729652601,1.4354267658086912,1.21,1.8243354954612923,8.36,1,4G1tK8qkj0PHUfED8hXzqbo49BC2
1737,4.625,0115,3.365,anxiety,,0.06363961030678918,0.14849242404917526,1.2599999999999998,0.21213203435596445,7.99,1,4G1tK8qkj0PHUfED8hXzqbo49BC2
0046,2.99,0758,3.95,anxiety,,0.014142135623730963,0.9899494936611668,0.96,1.0040916292848978,6.94,0,4G1tK8qkj0PHUfED8hXzqbo49BC2
0190,4.37,1283,4.705,anxiety,,0.4101219330881976,0.48790367901871745,0.33499999999999996,0.898025612106915,9.075,0,4G1tK8qkj0PHUfED8hXzqbo49BC2
0844,2.08,1428,1.4300000000000002,joy,,0.2262741699796954,0.19798989873223333,0.6499999999999999,0.42426406871192873,3.5100000000000002,1,4G1tK8qkj0PHUfED8hXzqbo49BC2
0489,4.665,0190,4.37,anxiety,5.48,2.3546655813512034,0.4101219330881976,0.29499999999999993,2.764787514439401,9.035,1,4G1tK8qkj0PHUfED8hXzqbo49BC2
0730,4.955,1402,1.965,anxiety,,0.19091883092036754,0.2757716446627536,2.99,0.46669047558312116,6.92,1,4G1tK8qkj0PHUfED8hXzqbo49BC2
0194,3.44,1850,3.18,joy,,0.08485281374238578,0.6222539674441617,0.2599999999999998,0.7071067811865475,6.62,1,4G1tK8qkj0PHUfED8hXzqbo49BC2
0046,2.99,1777,3.255,anxiety,,0.014142135623730963,0.4313351365237939,0.2649999999999997,0.44547727214752486,6.245,0,4G1tK8qkj0PHUfED8hXzqbo49BC2
0460,4.9,0395,4.050000000000001,anxiety,,0.6363961030678924,0.7919595949289333,0.8499999999999996,1.4283556979968257,8.950000000000001,1,4G1tK8qkj0PHUfED8hXzqbo49BC2
0648,3.765,0395,4.050000000000001,anxiety,,0.8414570696119918,0.7919595949289333,0.2850000000000006,1.6334166645409252,7.815000000000001,0,4G1tK8qkj0PHUfED8hXzqbo49BC2
1191,4.265000000000001,2060,3.03,joy,6.06,0.7848885271170679,0.0,1.2350000000000008,0.7848885271170679,7.295,1,4G1tK8qkj0PHUfED8hXzqbo49BC2
2121,5.21,0395,4.050000000000001,anxiety,,0.19798989873223286,0.7919595949289333,1.1599999999999993,0.9899494936611661,9.260000000000002,1,4G1tK8qkj0PHUfED8hXzqbo49BC2
0548,4.955,0190,4.37,anxiety,2.7,0.7283199846221434,0.4101219330881976,0.585,1.138441917710341,9.325,1,4G1tK8qkj0PHUfED8hXzqbo49BC2
0194,3.44,1692,2.795,joy,,0.08485281374238578,0.21920310216782976,0.645,0.3040559159102155,6.234999999999999,1,4G1tK8qkj0PHUfED8hXzqbo49BC2
1692,2.795,1932,1.6400000000000001,joy,,0.21920310216782976,0.325269119345812,1.1549999999999998,0.5444722215136417,4.4350000000000005,1,4G1tK8qkj0PHUfED8hXzqbo49BC2
1580,2.235,0864,1.0,joy,,0.44547727214752486,0.0,1.2349999999999999,0.44547727214752486,3.235,1,4G1tK8qkj0PHUfED8hXzqbo49BC2
1037,3.62,0115,3.365,anxiety,5.39,0.8909545442950497,0.14849242404917526,0.2549999999999999,1.039446968344225,6.985,1,4G1tK8qkj0PHUfED8hXzqbo49BC2
0491,5.67,0377,4.785,anxiety,,0.7071067811865476,0.388908729652601,0.8849999999999998,1.0960155108391485,10.455,1,4G1tK8qkj0PHUfED8hXzqbo49BC2
1698,3.335,2060,3.03,joy,1.78,0.24748737341529137,0.0,0.30500000000000016,0.24748737341529137,6.365,1,4G1tK8qkj0PHUfED8hXzqbo49BC2
0758,3.95,0460,4.9,anxiety,,0.9899494936611668,0.6363961030678924,0.9500000000000002,1.6263455967290592,8.850000000000001,0,4G1tK8qkj0PHUfED8hXzqbo49BC2
1743,1.79,1428,1.4300000000000002,joy,,0.24041630560342606,0.19798989873223333,0.3599999999999999,0.43840620433565936,3.22,1,4G1tK8qkj0PHUfED8hXzqbo49BC2
1428,1.4300000000000002,1898,2.065,joy,,0.19798989873223333,0.6151828996322964,0.6349999999999998,0.8131727983645298,3.495,0,4G1tK8qkj0PHUfED8hXzqbo49BC2
1737,4.625,0190,4.37,anxiety,,0.06363961030678918,0.4101219330881976,0.2549999999999999,0.4737615433949868,8.995000000000001,1,4G1tK8qkj0PHUfED8hXzqbo49BC2
0194,3.44,0174,4.37,joy,1.23,0.08485281374238578,1.0040916292848974,0.9300000000000002,1.0889444430272832,7.8100000000000005,0,4G1tK8qkj0PHUfED8hXzqbo49BC2
0969,3.575,1114,4.720000000000001,anxiety,,1.4354267658086912,0.042426406871192576,1.1450000000000005,1.4778531726798838,8.295000000000002,0,4G1tK8qkj0PHUfED8hXzqbo49BC2
1343,4.48,2102,4.15,joy,,0.07071067811865513,1.682914139223983,0.33000000000000007,1.753624817342638,8.63,1,4G1tK8qkj0PHUfED8hXzqbo49BC2
1683,4.234999999999999,1206,3.9299999999999997,joy,,0.049497474683057895,0.8909545442950497,0.3049999999999997,0.9404520189781076,8.165,1,4G1tK8qkj0PHUfED8hXzqbo49BC2
1692,2.795,1580,2.235,joy,4.72,0.21920310216782976,0.44547727214752486,0.56,0.6646803743153546,5.029999999999999,1,4G1tK8qkj0PHUfED8hXzqbo49BC2
0174,4.37,1428,1.4300000000000002,joy,,1.0040916292848974,0.19798989873223333,2.94,1.2020815280171306,5.800000000000001,1,4G1tK8qkj0PHUfED8hXzqbo49BC2
0648,3.765,0489,4.665,anxiety,,0.8414570696119918,2.3546655813512034,0.8999999999999999,3.1961226509631953,8.43,0,4G1tK8qkj0PHUfED8hXzqbo49BC2
1683,4.234999999999999,2060,3.03,joy,,0.049497474683057895,0.0,1.2049999999999996,0.049497474683057895,7.264999999999999,1,4G1tK8qkj0PHUfED8hXzqbo49BC2
1580,2.235,1932,1.6400000000000001,joy,,0.44547727214752486,0.325269119345812,0.5949999999999998,0.7707463914933368,3.875,1,4G1tK8qkj0PHUfED8hXzqbo49BC2
2121,5.21,0758,3.95,anxiety,5.44,0.19798989873223286,0.9899494936611668,1.2599999999999998,1.1879393923933996,9.16,1,4G1tK8qkj0PHUfED8hXzqbo49BC2
2060,4.225,1343,4.555,joy,,0.21920310216782946,0.049497474683058526,0.33000000000000007,0.268700576850888,8.78,0,0VVMDMpWxwVD3Hivuk2kvCHyQXh2
1683,6.28,1159,3.325,joy,,0.24041630560342606,1.6758430714121173,2.955,1.9162593770155434,9.605,1,0VVMDMpWxwVD3Hivuk2kvCHyQXh2
1898,4.01,1206,3.38,joy,,0.7636753236814711,2.870853531617383,0.6299999999999999,3.634528855298854,7.39,1,0VVMDMpWxwVD3Hivuk2kvCHyQXh2
1777,4.5600000000000005,0730,4.29,anxiety,,0.4808326112068527,0.16970562748477155,0.27000000000000046,0.6505382386916243,8.850000000000001,1,0VVMDMpWxwVD3Hivuk2kvCHyQXh2
1580,2.75,1206,3.38,joy,5.75,0.08485281374238578,2.870853531617383,0.6299999999999999,2.9557063453597685,6.13,0,0VVMDMpWxwVD3Hivuk2kvCHyQXh2
1848,4.545,1661,3.34,joy,6.5,0.5727564927611039,0.28284271247461895,1.205,0.8555992052357229,7.885,1,0VVMDMpWxwVD3Hivuk2kvCHyQXh2
0722,4.525,1037,5.17,anxiety,,0.926309883354377,0.2545584412271567,0.6449999999999996,1.1808683245815337,9.695,0,0VVMDMpWxwVD3Hivuk2kvCHyQXh2
1932,5.71,0982,4.85,joy,6.76,0.39597979746446693,0.2262741699796948,0.8600000000000003,0.6222539674441617,10.559999999999999,1,0VVMDMpWxwVD3Hivuk2kvCHyQXh2
1159,3.325,1580,2.75,joy,,1.6758430714121173,0.08485281374238578,0.5750000000000002,1.7606958851545031,6.075,1,0VVMDMpWxwVD3Hivuk2kvCHyQXh2
1767,6.355,0491,5.1,anxiety,,0.5020458146424487,0.4242640687119289,1.2550000000000008,0.9263098833543776,11.455,1,0VVMDMpWxwVD3Hivuk2kvCHyQXh2
2102,4.255000000000001,1661,3.34,joy,,0.26162950903902266,0.28284271247461895,0.9150000000000009,0.5444722215136416,7.595000000000001,1,0VVMDMpWxwVD3Hivuk2kvCHyQXh2
0982,4.85,0452,4.19,joy,6.78,0.2262741699796948,0.48083261120685244,0.6599999999999993,0.7071067811865472,9.04,1,0VVMDMpWxwVD3Hivuk2kvCHyQXh2
0722,4.525,0522,3.3099999999999996,anxiety,6.83,0.926309883354377,1.7536248173426379,1.2150000000000007,2.679934700697015,7.835,1,0VVMDMpWxwVD3Hivuk2kvCHyQXh2
1679,5.515,1777,4.5600000000000005,anxiety,6.73,0.7707463914933367,0.4808326112068527,0.9549999999999992,1.2515790027001894,10.075,1,0VVMDMpWxwVD3Hivuk2kvCHyQXh2
1012,5.795,1343,4.555,joy,,0.27577164466275395,0.049497474683058526,1.2400000000000002,0.3252691193458125,10.35,1,0VVMDMpWxwVD3Hivuk2kvCHyQXh2
1767,6.355,1283,5.16,anxiety,,0.5020458146424487,0.31112698372208053,1.1950000000000003,0.8131727983645292,11.515,1,0VVMDMpWxwVD3Hivuk2kvCHyQXh2
0864,3.58,1692,6.555,joy,,1.7253405460951758,0.06363961030678918,2.9749999999999996,1.788980156401965,10.135,0,0VVMDMpWxwVD3Hivuk2kvCHyQXh2
1503,2.93,1160,2.3,joy,6.02,1.3293607486307095,0.43840620433565936,0.6300000000000003,1.7677669529663689,5.23,1,0VVMDMpWxwVD3Hivuk2kvCHyQXh2
1159,3.325,0864,3.58,joy,6.37,1.6758430714121173,1.7253405460951758,0.2549999999999999,3.401183617507293,6.905,0,0VVMDMpWxwVD3Hivuk2kvCHyQXh2
0460,7.0,0190,6.74,anxiety,,0.0,0.14142135623730964,0.2599999999999998,0.14142135623730964,13.74,1,0VVMDMpWxwVD3Hivuk2kvCHyQXh2
1492,4.455,0522,3.3099999999999996,anxiety,6.24,0.23334523779156074,1.7536248173426379,1.1450000000000005,1.9869700551341987,7.765,1,0VVMDMpWxwVD3Hivuk2kvCHyQXh2
0982,4.85,2060,4.225,joy,,0.2262741699796948,0.21920310216782946,0.625,0.44547727214752425,9.075,1,0VVMDMpWxwVD3Hivuk2kvCHyQXh2
1492,4.455,0489,3.58,anxiety,,0.23334523779156074,0.7212489168102785,0.875,0.9545941546018393,8.035,1,0VVMDMpWxwVD3Hivuk2kvCHyQXh2
1679,5.515,0911,4.630000000000001,anxiety,,0.7707463914933367,0.8485281374238571,0.8849999999999989,1.619274528917194,10.145,1,0VVMDMpWxwVD3Hivuk2kvCHyQXh2
1692,6.555,1698,3.5300000000000002,joy,,0.06363961030678918,0.43840620433565924,3.0249999999999995,0.5020458146424485,10.085,1,0VVMDMpWxwVD3Hivuk2kvCHyQXh2
1698,3.5300000000000002,1503,2.93,joy,,0.43840620433565924,1.3293607486307095,0.6000000000000001,1.7677669529663689,6.460000000000001,1,0VVMDMpWxwVD3Hivuk2kvCHyQXh2
1283,5.16,0548,6.35,anxiety,,0.31112698372208053,0.6505382386916236,1.1899999999999995,0.9616652224137041,11.51,0,0VVMDMpWxwVD3Hivuk2kvCHyQXh2
1343,4.555,1206,3.38,joy,,0.049497474683058526,2.870853531617383,1.1749999999999998,2.920351006300441,7.935,1,0VVMDMpWxwVD3Hivuk2kvCHyQXh2
1283,5.16,1679,5.515,anxiety,,0.31112698372208053,0.7707463914933367,0.35499999999999954,1.0818733752154173,10.675,0,0VVMDMpWxwVD3Hivuk2kvCHyQXh2
2060,4.225,0864,3.58,joy,,0.21920310216782946,1.7253405460951758,0.6449999999999996,1.9445436482630054,7.805,1,0VVMDMpWxwVD3Hivuk2kvCHyQXh2
0377,7.0,2121,6.715,anxiety,,0.0,0.40305086527633227,0.28500000000000014,0.40305086527633227,13.715,1,0VVMDMpWxwVD3Hivuk2kvCHyQXh2
1012,5.795,1580,2.75,joy,,0.27577164466275395,0.08485281374238578,3.045,0.36062445840513974,8.545,1,0VVMDMpWxwVD3Hivuk2kvCHyQXh2
1848,4.545,0452,4.19,joy,,0.5727564927611039,0.48083261120685244,0.35499999999999954,1.0535891039679564,8.735,1,0VVMDMpWxwVD3Hivuk2kvCHyQXh2
2102,4.255000000000001,1343,4.555,joy,,0.26162950903902266,0.049497474683058526,0.29999999999999893,0.3111269837220812,8.81,0,0VVMDMpWxwVD3Hivuk2kvCHyQXh2
0548,6.35,1037,5.17,anxiety,,0.6505382386916236,0.2545584412271567,1.1799999999999997,0.9050966799187803,11.52,1,0VVMDMpWxwVD3Hivuk2kvCHyQXh2
1932,5.71,0194,5.984999999999999,joy,6.69,0.39597979746446693,0.629325035256027,0.27499999999999947,1.0253048327204939,11.695,0,0VVMDMpWxwVD3Hivuk2kvCHyQXh2
1343,4.555,1661,3.34,joy,,0.049497474683058526,0.28284271247461895,1.2149999999999999,0.3323401871576775,7.895,1,0VVMDMpWxwVD3Hivuk2kvCHyQXh2
1679,5.515,0190,6.74,anxiety,,0.7707463914933367,0.14142135623730964,1.2250000000000005,0.9121677477306463,12.254999999999999,0,0VVMDMpWxwVD3Hivuk2kvCHyQXh2
1683,6.28,1661,3.34,joy,6.63,0.24041630560342606,0.28284271247461895,2.9400000000000004,0.523259018078045,9.620000000000001,1,0VVMDMpWxwVD3Hivuk2kvCHyQXh2
1932,5.71,1343,4.555,joy,,0.39597979746446693,0.049497474683058526,1.1550000000000002,0.44547727214752547,10.265,1,0VVMDMpWxwVD3Hivuk2kvCHyQXh2
2060,4.225,1159,3.325,joy,,0.21920310216782946,1.6758430714121173,0.8999999999999995,1.8950461735799466,7.55,1,0VVMDMpWxwVD3Hivuk2kvCHyQXh2
1698,3.5300000000000002,0083,6.555,joy,,0.43840620433565924,0.629325035256027,3.0249999999999995,1.0677312395916863,10.085,0,0VVMDMpWxwVD3Hivuk2kvCHyQXh2
0744,5.995,2130,5.0600000000000005,anxiety,,0.10606601717798238,0.19798989873223347,0.9349999999999996,0.30405591591021586,11.055,1,0VVMDMpWxwVD3Hivuk2kvCHyQXh2
1679,5.515,0730,4.29,anxiety,,0.7707463914933367,0.16970562748477155,1.2249999999999996,0.9404520189781083,9.805,1,0VVMDMpWxwVD3Hivuk2kvCHyQXh2
1767,6.355,1037,5.17,anxiety,,0.5020458146424487,0.2545584412271567,1.1850000000000005,0.7566042558696053,11.525,1,0VVMDMpWxwVD3Hivuk2kvCHyQXh2
0491,5.1,1492,4.455,anxiety,,0.4242640687119289,0.23334523779156074,0.6449999999999996,0.6576093065034896,9.555,1,0VVMDMpWxwVD3Hivuk2kvCHyQXh2
1777,4.5600000000000005,0522,3.3099999999999996,anxiety,,0.4808326112068527,1.7536248173426379,1.2500000000000009,2.2344574285494905,7.87,1,0VVMDMpWxwVD3Hivuk2kvCHyQXh2
0194,5.984999999999999,1503,2.93,joy,,0.629325035256027,1.3293607486307095,3.0549999999999993,1.9586857838867364,8.915,1,0VVMDMpWxwVD3Hivuk2kvCHyQXh2
0648,3.7299999999999995,0730,4.29,anxiety,,0.9333809511662426,0.16970562748477155,0.5600000000000005,1.1030865786510142,8.02,0,0VVMDMpWxwVD3Hivuk2kvCHyQXh2
0864,3.58,1661,3.34,joy,,1.7253405460951758,0.28284271247461895,0.2400000000000002,2.0081832585697947,6.92,1,0VVMDMpWxwVD3Hivuk2kvCHyQXh2
1698,3.5300000000000002,1281,3.85,joy,,0.43840620433565924,2.2627416997969525,0.31999999999999984,2.7011479041326116,7.380000000000001,0,0VVMDMpWxwVD3Hivuk2kvCHyQXh2
1580,2.75,1661,3.34,joy,,0.08485281374238578,0.28284271247461895,0.5899999999999999,0.36769552621700474,6.09,0,0VVMDMpWxwVD3Hivuk2kvCHyQXh2
1171,4.92,1428,1.895,joy,,0.2545584412271567,0.6293250352560272,3.025,0.883883476483184,6.8149999999999995,1,0VVMDMpWxwVD3Hivuk2kvCHyQXh2
0489,3.58,1402,2.4050000000000002,anxiety,6.39,0.7212489168102785,0.4596194077712558,1.1749999999999998,1.1808683245815343,5.985,1,0VVMDMpWxwVD3Hivuk2kvCHyQXh2
2102,4.255000000000001,0982,4.85,joy,,0.26162950903902266,0.2262741699796948,0.5949999999999989,0.48790367901871745,9.105,0,0VVMDMpWxwVD3Hivuk2kvCHyQXh2
0522,3.3099999999999996,1402,2.4050000000000002,anxiety,,1.7536248173426379,0.4596194077712558,0.9049999999999994,2.2132442251138937,5.715,1,0VVMDMpWxwVD3Hivuk2kvCHyQXh2
1402,2.4050000000000002,0758,1.77,anxiety,,0.4596194077712558,0.3818376618407357,0.6350000000000002,0.8414570696119915,4.175000000000001,1,0VVMDMpWxwVD3Hivuk2kvCHyQXh2
2121,6.715,1679,5.515,anxiety,,0.40305086527633227,0.7707463914933367,1.2000000000000002,1.173797256769669,12.23,1,0VVMDMpWxwVD3Hivuk2kvCHyQXh2
0730,4.29,1114,4.6,anxiety,,0.16970562748477155,0.3818376618407357,0.3099999999999996,0.5515432893255072,8.89,0,0VVMDMpWxwVD3Hivuk2kvCHyQXh2
0174,6.35,1206,3.38,joy,,0.268700576850888,2.870853531617383,2.9699999999999998,3.1395541084682708,9.73,1,0VVMDMpWxwVD3Hivuk2kvCHyQXh2
1898,4.01,1365,4.96,joy,6.77,0.7636753236814711,2.7011479041326116,0.9500000000000002,3.4648232278140827,8.969999999999999,0,0VVMDMpWxwVD3Hivuk2kvCHyQXh2
1012,5.795,0982,4.85,joy,6.74,0.27577164466275395,0.2262741699796948,0.9450000000000003,0.5020458146424487,10.645,1,0VVMDMpWxwVD3Hivuk2kvCHyQXh2
0722,4.525,0491,5.1,anxiety,6.35,0.926309883354377,0.4242640687119289,0.5749999999999993,1.350573952066306,9.625,0,0VVMDMpWxwVD3Hivuk2kvCHyQXh2
1737,6.91,0744,5.995,anxiety,6.38,0.12727922061357835,0.10606601717798238,0.915,0.23334523779156074,12.905000000000001,1,0VVMDMpWxwVD3Hivuk2kvCHyQXh2
0491,5.1,0744,5.995,anxiety,,0.4242640687119289,0.10606601717798238,0.8950000000000005,0.5303300858899113,11.094999999999999,0,0VVMDMpWxwVD3Hivuk2kvCHyQXh2
0982,4.85,1343,4.555,joy,6.71,0.2262741699796948,0.049497474683058526,0.29499999999999993,0.27577164466275333,9.405,1,0VVMDMpWxwVD3Hivuk2kvCHyQXh2
1159,3.325,0452,4.19,joy,,1.6758430714121173,0.48083261120685244,0.8650000000000002,2.1566756826189697,7.515000000000001,0,0VVMDMpWxwVD3Hivuk2kvCHyQXh2
1492,4.455,2130,5.0600000000000005,anxiety,,0.23334523779156074,0.19798989873223347,0.6050000000000004,0.4313351365237942,9.515,0,0VVMDMpWxwVD3Hivuk2kvCHyQXh2
1159,3.325,1343,4.555,joy,,1.6758430714121173,0.049497474683058526,1.2299999999999995,1.7253405460951758,7.88,0,0VVMDMpWxwVD3Hivuk2kvCHyQXh2
1160,2.3,0844,1.67,joy,,0.43840620433565936,0.05656854249492385,0.6299999999999999,0.4949747468305832,3.9699999999999998,1,0VVMDMpWxwVD3Hivuk2kvCHyQXh2
1848,4.545,1206,3.38,joy,6.41,0.5727564927611039,2.870853531617383,1.165,3.443610024378487,7.925,1,0VVMDMpWxwVD3Hivuk2kvCHyQXh2
0548,6.35,0744,5.995,anxiety,,0.6505382386916236,0.10606601717798238,0.35499999999999954,0.756604255869606,12.344999999999999,1,0VVMDMpWxwVD3Hivuk2kvCHyQXh2
1848,4.545,2060,4.225,joy,,0.5727564927611039,0.21920310216782946,0.3200000000000003,0.7919595949289333,8.77,1,0VVMDMpWxwVD3Hivuk2kvCHyQXh2
2060,4.225,1661,3.34,joy,,0.21920310216782946,0.28284271247461895,0.8849999999999998,0.5020458146424485,7.5649999999999995,1,0VVMDMpWxwVD3Hivuk2kvCHyQXh2
2102,4.255000000000001,1206,3.38,joy,,0.26162950903902266,2.870853531617383,0.8750000000000009,3.1324830406564055,7.635000000000001,1,0VVMDMpWxwVD3Hivuk2kvCHyQXh2
0548,6.35,0522,3.3099999999999996,anxiety,,0.6505382386916236,1.7536248173426379,3.04,2.4041630560342613,9.66,1,0VVMDMpWxwVD3Hivuk2kvCHyQXh2
1428,1.895,1580,2.75,joy,,0.6293250352560272,0.08485281374238578,0.855,0.714177848998413,4.645,0,0VVMDMpWxwVD3Hivuk2kvCHyQXh2
0452,4.19,1661,3.34,joy,,0.48083261120685244,0.28284271247461895,0.8500000000000005,0.7636753236814714,7.53,1,0VVMDMpWxwVD3Hivuk2kvCHyQXh2
1281,3.85,1503,2.93,joy,,2.2627416997969525,1.3293607486307095,0.9199999999999999,3.592102448427662,6.78,1,0VVMDMpWxwVD3Hivuk2kvCHyQXh2
1283,5.16,0722,4.525,anxiety,6.64,0.31112698372208053,0.926309883354377,0.6349999999999998,1.2374368670764575,9.685,1,0VVMDMpWxwVD3Hivuk2kvCHyQXh2
2121,6.715,1767,6.355,anxiety,5.63,0.40305086527633227,0.5020458146424487,0.35999999999999943,0.905096679918781,13.07,1,0VVMDMpWxwVD3Hivuk2kvCHyQXh2
1737,6.91,0548,6.35,anxiety,,0.12727922061357835,0.6505382386916236,0.5600000000000005,0.777817459305202,13.26,1,0VVMDMpWxwVD3Hivuk2kvCHyQXh2
1037,5.17,1114,4.6,anxiety,,0.2545584412271567,0.3818376618407357,0.5700000000000003,0.6363961030678924,9.77,1,0VVMDMpWxwVD3Hivuk2kvCHyQXh2
1898,4.01,1580,2.75,joy,,0.7636753236814711,0.08485281374238578,1.2599999999999998,0.8485281374238568,6.76,1,0VVMDMpWxwVD3Hivuk2kvCHyQXh2
1281,3.85,0864,3.58,joy,,2.2627416997969525,1.7253405460951758,0.27,3.9880822458921283,7.43,1,0VVMDMpWxwVD3Hivuk2kvCHyQXh2
0460,7.0,2121,6.715,anxiety,6.61,0.0,0.40305086527633227,0.28500000000000014,0.40305086527633227,13.715,1,0VVMDMpWxwVD3Hivuk2kvCHyQXh2
0911,4.630000000000001,0730,4.29,anxiety,6.84,0.8485281374238571,0.16970562748477155,0.34000000000000075,1.0182337649086286,8.920000000000002,1,0VVMDMpWxwVD3Hivuk2kvCHyQXh2
2121,6.715,0648,3.7299999999999995,anxiety,,0.40305086527633227,0.9333809511662426,2.9850000000000003,1.336431816442575,10.445,1,0VVMDMpWxwVD3Hivuk2kvCHyQXh2
0864,3.58,1503,2.93,joy,,1.7253405460951758,1.3293607486307095,0.6499999999999999,3.054701294725885,6.51,1,0VVMDMpWxwVD3Hivuk2kvCHyQXh2
1114,4.6,0648,3.7299999999999995,anxiety,,0.3818376618407357,0.9333809511662426,0.8700000000000001,1.3152186130069783,8.329999999999998,1,0VVMDMpWxwVD3Hivuk2kvCHyQXh2
1012,5.795,1848,4.545,joy,,0.27577164466275395,0.5727564927611039,1.25,0.8485281374238578,10.34,1,0VVMDMpWxwVD3Hivuk2kvCHyQXh2
1642,2.325,0758,1.77,anxiety,,0.07778174593052013,0.3818376618407357,0.5550000000000002,0.4596194077712558,4.095000000000001,1,0VVMDMpWxwVD3Hivuk2kvCHyQXh2
1679,5.515,1037,5.17,anxiety,,0.7707463914933367,0.2545584412271567,0.34499999999999975,1.0253048327204934,10.684999999999999,1,0VVMDMpWxwVD3Hivuk2kvCHyQXh2
1932,5.71,1580,2.75,joy,,0.39597979746446693,0.08485281374238578,2.96,0.4808326112068527,8.46,1,0VVMDMpWxwVD3Hivuk2kvCHyQXh2
1850,6.27,1159,3.325,joy,,0.367695526217005,1.6758430714121173,2.9449999999999994,2.0435385976291225,9.594999999999999,1,0VVMDMpWxwVD3Hivuk2kvCHyQXh2
1281,3.85,0452,4.19,joy,,2.2627416997969525,0.48083261120685244,0.3400000000000003,2.743574311003805,8.040000000000001,0,0VVMDMpWxwVD3Hivuk2kvCHyQXh2
0046,7.0,0190,6.74,anxiety,,0.0,0.14142135623730964,0.2599999999999998,0.14142135623730964,13.74,1,0VVMDMpWxwVD3Hivuk2kvCHyQXh2
0548,6.35,0491,5.1,anxiety,,0.6505382386916236,0.4242640687119289,1.25,1.0748023074035524,11.45,1,0VVMDMpWxwVD3Hivuk2kvCHyQXh2
2102,4.255000000000001,1159,3.325,joy,,0.26162950903902266,1.6758430714121173,0.9300000000000006,1.93747258045114,7.580000000000001,1,0VVMDMpWxwVD3Hivuk2kvCHyQXh2
1679,5.515,1114,4.6,anxiety,,0.7707463914933367,0.3818376618407357,0.915,1.1525840533340723,10.114999999999998,1,0VVMDMpWxwVD3Hivuk2kvCHyQXh2
0722,4.525,0489,3.58,anxiety,,0.926309883354377,0.7212489168102785,0.9450000000000003,1.6475588001646555,8.105,1,0VVMDMpWxwVD3Hivuk2kvCHyQXh2
0190,6.74,0648,3.7299999999999995,anxiety,,0.14142135623730964,0.9333809511662426,3.0100000000000007,1.0748023074035522,10.469999999999999,1,0VVMDMpWxwVD3Hivuk2kvCHyQXh2
1642,2.325,0489,3.58,anxiety,,0.07778174593052013,0.7212489168102785,1.255,0.7990306627407986,5.905,0,0VVMDMpWxwVD3Hivuk2kvCHyQXh2
1283,5.16,1777,4.5600000000000005,anxiety,,0.31112698372208053,0.4808326112068527,0.5999999999999996,0.7919595949289333,9.72,1,0VVMDMpWxwVD3Hivuk2kvCHyQXh2
1767,6.355,0522,3.3099999999999996,anxiety,,0.5020458146424487,1.7536248173426379,3.045000000000001,2.2556706319850868,9.665,1,0VVMDMpWxwVD3Hivuk2kvCHyQXh2
0395,6.76,0648,3.7299999999999995,anxiety,7,0.09899494936611643,0.9333809511662426,3.0300000000000002,1.0323759005323592,10.489999999999998,1,0VVMDMpWxwVD3Hivuk2kvCHyQXh2
0115,1.365,0271,1.935,anxiety,6.51,0.2050609665440988,0.5727564927611034,0.5700000000000001,0.7778174593052022,3.3,0,0VVMDMpWxwVD3Hivuk2kvCHyQXh2
1171,4.92,1898,4.01,joy,,0.2545584412271567,0.7636753236814711,0.9100000000000001,1.0182337649086277,8.93,1,0VVMDMpWxwVD3Hivuk2kvCHyQXh2
1848,4.545,1159,3.325,joy,,0.5727564927611039,1.6758430714121173,1.2199999999999998,2.248599564173221,7.87,1,0VVMDMpWxwVD3Hivuk2kvCHyQXh2
1037,5.17,0730,4.29,anxiety,,0.2545584412271567,0.16970562748477155,0.8799999999999999,0.42426406871192823,9.46,1,0VVMDMpWxwVD3Hivuk2kvCHyQXh2
0046,7.0,2121,6.715,anxiety,,0.0,0.40305086527633227,0.28500000000000014,0.40305086527633227,13.715,1,0VVMDMpWxwVD3Hivuk2kvCHyQXh2
0174,6.35,1661,3.34,joy,,0.268700576850888,0.28284271247461895,3.01,0.551543289325507,9.69,1,0VVMDMpWxwVD3Hivuk2kvCHyQXh2
1767,6.355,1679,5.515,anxiety,6.58,0.5020458146424487,0.7707463914933367,0.8400000000000007,1.2727922061357853,11.870000000000001,1,0VVMDMpWxwVD3Hivuk2kvCHyQXh2
2060,4.225,1206,3.38,joy,,0.21920310216782946,2.870853531617383,0.8449999999999998,3.0900566337852124,7.6049999999999995,1,0VVMDMpWxwVD3Hivuk2kvCHyQXh2
1283,5.16,0730,4.29,anxiety,,0.31112698372208053,0.16970562748477155,0.8700000000000001,0.48083261120685206,9.45,1,0VVMDMpWxwVD3Hivuk2kvCHyQXh2
0982,4.85,1428,1.895,joy,6.97,0.2262741699796948,0.6293250352560272,2.9549999999999996,0.855599205235722,6.744999999999999,1,0VVMDMpWxwVD3Hivuk2kvCHyQXh2
0982,4.85,1848,4.545,joy,,0.2262741699796948,0.5727564927611039,0.3049999999999997,0.7990306627407986,9.395,1,0VVMDMpWxwVD3Hivuk2kvCHyQXh2
0911,4.630000000000001,0648,3.7299999999999995,anxiety,,0.8485281374238571,0.9333809511662426,0.9000000000000012,1.7819090885900999,8.36,1,0VVMDMpWxwVD3Hivuk2kvCHyQXh2
1932,5.71,1848,4.545,joy,7,0.39597979746446693,0.5727564927611039,1.165,0.9687362902255707,10.254999999999999,1,0VVMDMpWxwVD3Hivuk2kvCHyQXh2
1898,4.01,1343,4.555,joy,,0.7636753236814711,0.049497474683058526,0.5449999999999999,0.8131727983645296,8.565,0,0VVMDMpWxwVD3Hivuk2kvCHyQXh2
0452,4.19,0864,3.58,joy,,0.48083261120685244,1.7253405460951758,0.6100000000000003,2.2061731573020285,7.7700000000000005,1,0VVMDMpWxwVD3Hivuk2kvCHyQXh2
1698,3.5300000000000002,1160,2.3,joy,,0.43840620433565924,0.43840620433565936,1.2300000000000004,0.8768124086713186,5.83,1,0VVMDMpWxwVD3Hivuk2kvCHyQXh2
2102,4.255000000000001,1848,4.545,joy,,0.26162950903902266,0.5727564927611039,0.28999999999999915,0.8343860018001266,8.8,0,0VVMDMpWxwVD3Hivuk2kvCHyQXh2
1037,5.17,1777,4.5600000000000005,anxiety,,0.2545584412271567,0.4808326112068527,0.6099999999999994,0.7353910524340095,9.73,1,0VVMDMpWxwVD3Hivuk2kvCHyQXh2
0489,3.58,0522,3.3099999999999996,anxiety,,0.7212489168102785,1.7536248173426379,0.27000000000000046,2.4748737341529163,6.89,1,0VVMDMpWxwVD3Hivuk2kvCHyQXh2
0377,7.0,0190,6.74,anxiety,,0.0,0.14142135623730964,0.2599999999999998,0.14142135623730964,13.74,1,0VVMDMpWxwVD3Hivuk2kvCHyQXh2
1283,5.16,1114,4.6,anxiety,,0.31112698372208053,0.3818376618407357,0.5600000000000005,0.6929646455628162,9.76,1,0VVMDMpWxwVD3Hivuk2kvCHyQXh2
2102,4.255000000000001,1898,4.01,joy,,0.26162950903902266,0.7636753236814711,0.245000000000001,1.0253048327204937,8.265,1,0VVMDMpWxwVD3Hivuk2kvCHyQXh2
0174,6.35,1159,3.325,joy,6.68,0.268700576850888,1.6758430714121173,3.0249999999999995,1.9445436482630054,9.675,1,0VVMDMpWxwVD3Hivuk2kvCHyQXh2
1848,1.985,1281,1.0550000000000002,joy,,1.3647160876900368,0.007071067811865481,0.9299999999999999,1.3717871555019023,3.04,1,0ejC9wujLDO1ECeFO3U0Zt7Ehq43
0648,1.065,1492,1.615,anxiety,,0.0919238815542511,0.4737615433949868,0.55,0.5656854249492379,2.6799999999999997,0,0ejC9wujLDO1ECeFO3U0Zt7Ehq43
1206,1.9249999999999998,1281,1.0550000000000002,joy,5.18,0.06363961030678934,0.007071067811865481,0.8699999999999997,0.07071067811865482,2.98,1,0ejC9wujLDO1ECeFO3U0Zt7Ehq43
0460,2.245,0730,1.05,anxiety,,0.982878425849301,0.07071067811865482,1.195,1.0535891039679557,3.295,1,0ejC9wujLDO1ECeFO3U0Zt7Ehq43
0377,1.565,1642,1.025,anxiety,,0.657609306503489,0.03535533905932741,0.54,0.6929646455628165,2.59,1,0ejC9wujLDO1ECeFO3U0Zt7Ehq43
1898,1.2349999999999999,0844,1.49,joy,,0.2899137802864844,0.6929646455628166,0.2550000000000001,0.982878425849301,2.7249999999999996,0,0ejC9wujLDO1ECeFO3U0Zt7Ehq43
0460,2.245,1642,1.025,anxiety,,0.982878425849301,0.03535533905932741,1.2200000000000002,1.0182337649086284,3.27,1,0ejC9wujLDO1ECeFO3U0Zt7Ehq43
2121,1.3900000000000001,0758,1.0350000000000001,anxiety,6.48,0.5515432893255071,0.021213203435596444,0.355,0.5727564927611035,2.4250000000000003,1,0ejC9wujLDO1ECeFO3U0Zt7Ehq43
0911,1.37,1402,1.02,anxiety,6.99,0.5232590180780452,0.028284271247461926,0.3500000000000001,0.5515432893255071,2.39,1,0ejC9wujLDO1ECeFO3U0Zt7Ehq43
0911,1.37,1642,1.025,anxiety,,0.5232590180780452,0.03535533905932741,0.3450000000000002,0.5586143571373726,2.395,1,0ejC9wujLDO1ECeFO3U0Zt7Ehq43
0489,1.95,0190,1.315,anxiety,,1.1313708498984762,0.134350288425444,0.635,1.2657211383239202,3.2649999999999997,1,0ejC9wujLDO1ECeFO3U0Zt7Ehq43
0730,1.05,1492,1.615,anxiety,,0.07071067811865482,0.4737615433949868,0.565,0.5444722215136416,2.665,0,0ejC9wujLDO1ECeFO3U0Zt7Ehq43
0982,2.395,1580,2.715,joy,,0.6717514421272203,0.3606244584051394,0.31999999999999984,1.0323759005323596,5.109999999999999,0,0ejC9wujLDO1ECeFO3U0Zt7Ehq43
1743,2.0,1281,1.0550000000000002,joy,,0.07071067811865465,0.007071067811865481,0.9449999999999998,0.07778174593052013,3.055,1,0ejC9wujLDO1ECeFO3U0Zt7Ehq43
1343,1.2850000000000001,1191,1.03,joy,3.15,0.40305086527633216,0.0,0.2550000000000001,0.40305086527633216,2.3150000000000004,1,0ejC9wujLDO1ECeFO3U0Zt7Ehq43
1012,1.875,1503,1.02,joy,,0.03535533905932725,0.028284271247461926,0.855,0.06363961030678918,2.895,1,0ejC9wujLDO1ECeFO3U0Zt7Ehq43
0046,1.35,0522,1.0,anxiety,,0.3535533905932738,0.0,0.3500000000000001,0.3535533905932738,2.35,1,0ejC9wujLDO1ECeFO3U0Zt7Ehq43
0489,1.95,1037,1.0,anxiety,5.07,1.1313708498984762,0.0,0.95,1.1313708498984762,2.95,1,0ejC9wujLDO1ECeFO3U0Zt7Ehq43
0395,1.975,0758,1.0350000000000001,anxiety,,1.3788582233137678,0.021213203435596444,0.94,1.4000714267493644,3.0100000000000002,1,0ejC9wujLDO1ECeFO3U0Zt7Ehq43
0190,1.315,1037,1.0,anxiety,,0.134350288425444,0.0,0.31499999999999995,0.134350288425444,2.315,1,0ejC9wujLDO1ECeFO3U0Zt7Ehq43
1343,1.2850000000000001,1365,1.0350000000000001,joy,,0.40305086527633216,0.049497474683058366,0.25,0.45254833995939053,2.3200000000000003,1,0ejC9wujLDO1ECeFO3U0Zt7Ehq43
0083,4.0649999999999995,1171,1.025,joy,5.8,0.27577164466275333,0.03535533905932741,3.0399999999999996,0.31112698372208075,5.09,1,0ejC9wujLDO1ECeFO3U0Zt7Ehq43
0190,1.315,0758,1.0350000000000001,anxiety,,0.134350288425444,0.021213203435596444,0.2799999999999998,0.15556349186104043,2.35,1,0ejC9wujLDO1ECeFO3U0Zt7Ehq43
1206,1.9249999999999998,1171,1.025,joy,,0.06363961030678934,0.03535533905932741,0.8999999999999999,0.09899494936611675,2.9499999999999997,1,0ejC9wujLDO1ECeFO3U0Zt7Ehq43
0174,4.1899999999999995,1683,3.84,joy,,0.028284271247461926,1.1030865786510142,0.34999999999999964,1.1313708498984762,8.03,1,0ejC9wujLDO1ECeFO3U0Zt7Ehq43
0377,1.565,1402,1.02,anxiety,,0.657609306503489,0.028284271247461926,0.5449999999999999,0.685893577750951,2.585,1,0ejC9wujLDO1ECeFO3U0Zt7Ehq43
1428,1.4300000000000002,1159,2.025,joy,,0.6081118318204309,0.0212132034355966,0.5949999999999998,0.6293250352560276,3.455,0,0ejC9wujLDO1ECeFO3U0Zt7Ehq43
0190,1.315,1114,1.9,anxiety,,0.134350288425444,0.12727922061357852,0.585,0.2616295090390225,3.215,0,0ejC9wujLDO1ECeFO3U0Zt7Ehq43
1580,2.715,0844,1.49,joy,,0.3606244584051394,0.6929646455628166,1.2249999999999999,1.053589103967956,4.205,1,0ejC9wujLDO1ECeFO3U0Zt7Ehq43
0489,1.95,0758,1.0350000000000001,anxiety,,1.1313708498984762,0.021213203435596444,0.9149999999999998,1.1525840533340728,2.9850000000000003,1,0ejC9wujLDO1ECeFO3U0Zt7Ehq43
1898,1.2349999999999999,1012,1.875,joy,,0.2899137802864844,0.03535533905932725,0.6400000000000001,0.32526911934581165,3.11,0,0ejC9wujLDO1ECeFO3U0Zt7Ehq43
1114,1.9,0758,1.0350000000000001,anxiety,,0.12727922061357852,0.021213203435596444,0.8649999999999998,0.14849242404917495,2.935,1,0ejC9wujLDO1ECeFO3U0Zt7Ehq43
0377,1.565,0522,1.0,anxiety,2.04,0.657609306503489,0.0,0.565,0.657609306503489,2.565,1,0ejC9wujLDO1ECeFO3U0Zt7Ehq43
1428,1.4300000000000002,1743,2.0,joy,,0.6081118318204309,0.07071067811865465,0.5699999999999998,0.6788225099390855,3.43,0,0ejC9wujLDO1ECeFO3U0Zt7Ehq43
1692,1.5899999999999999,1191,1.03,joy,,0.6505382386916236,0.0,0.5599999999999998,0.6505382386916236,2.62,1,0ejC9wujLDO1ECeFO3U0Zt7Ehq43
1898,1.2349999999999999,1692,1.5899999999999999,joy,,0.2899137802864844,0.6505382386916236,0.355,0.940452018978108,2.8249999999999997,0,0ejC9wujLDO1ECeFO3U0Zt7Ehq43
1012,1.875,1191,1.03,joy,,0.03535533905932725,0.0,0.845,0.03535533905932725,2.9050000000000002,1,0ejC9wujLDO1ECeFO3U0Zt7Ehq43
1206,1.9249999999999998,1698,1.02,joy,,0.06363961030678934,0.028284271247461926,0.9049999999999998,0.09192388155425127,2.945,1,0ejC9wujLDO1ECeFO3U0Zt7Ehq43
1012,1.875,1171,1.025,joy,6.95,0.03535533905932725,0.03535533905932741,0.8500000000000001,0.07071067811865467,2.9,1,0ejC9wujLDO1ECeFO3U0Zt7Ehq43
1848,1.985,1365,1.0350000000000001,joy,,1.3647160876900368,0.049497474683058366,0.95,1.4142135623730951,3.0200000000000005,1,0ejC9wujLDO1ECeFO3U0Zt7Ehq43
0194,4.949999999999999,1743,2.0,joy,,0.028284271247461926,0.07071067811865465,2.9499999999999993,0.09899494936611658,6.949999999999999,1,0ejC9wujLDO1ECeFO3U0Zt7Ehq43
1343,1.2850000000000001,1171,1.025,joy,,0.40305086527633216,0.03535533905932741,0.26000000000000023,0.4384062043356596,2.31,1,0ejC9wujLDO1ECeFO3U0Zt7Ehq43
1692,1.5899999999999999,1365,1.0350000000000001,joy,,0.6505382386916236,0.049497474683058366,0.5549999999999997,0.700035713374682,2.625,1,0ejC9wujLDO1ECeFO3U0Zt7Ehq43
0460,2.245,0522,1.0,anxiety,5.43,0.982878425849301,0.0,1.245,0.982878425849301,3.245,1,0ejC9wujLDO1ECeFO3U0Zt7Ehq43
1343,1.2850000000000001,1503,1.02,joy,2.22,0.40305086527633216,0.028284271247461926,0.2650000000000001,0.43133513652379407,2.305,1,0ejC9wujLDO1ECeFO3U0Zt7Ehq43
0083,4.0649999999999995,1191,1.03,joy,7,0.27577164466275333,0.0,3.0349999999999993,0.27577164466275333,5.095,1,0ejC9wujLDO1ECeFO3U0Zt7Ehq43
1642,1.025,1492,1.615,anxiety,,0.03535533905932741,0.4737615433949868,0.5900000000000001,0.5091168824543142,2.6399999999999997,0,0ejC9wujLDO1ECeFO3U0Zt7Ehq43
1850,2.7750000000000004,1692,1.5899999999999999,joy,,0.10606601717798206,0.6505382386916236,1.1850000000000005,0.7566042558696057,4.365,1,0ejC9wujLDO1ECeFO3U0Zt7Ehq43
1343,1.2850000000000001,1698,1.02,joy,,0.40305086527633216,0.028284271247461926,0.2650000000000001,0.43133513652379407,2.305,1,0ejC9wujLDO1ECeFO3U0Zt7Ehq43
1848,1.985,1191,1.03,joy,,1.3647160876900368,0.0,0.9550000000000001,1.3647160876900368,3.015,1,0ejC9wujLDO1ECeFO3U0Zt7Ehq43
1428,1.4300000000000002,2102,2.01,joy,,0.6081118318204309,0.0,0.5799999999999996,0.6081118318204309,3.44,0,0ejC9wujLDO1ECeFO3U0Zt7Ehq43
0522,1.0,1492,1.615,anxiety,3.37,0.0,0.4737615433949868,0.615,0.4737615433949868,2.615,0,0ejC9wujLDO1ECeFO3U0Zt7Ehq43
0395,1.975,1642,1.025,anxiety,,1.3788582233137678,0.03535533905932741,0.9500000000000002,1.4142135623730951,3.0,1,0ejC9wujLDO1ECeFO3U0Zt7Ehq43
0489,1.95,1402,1.02,anxiety,,1.1313708498984762,0.028284271247461926,0.9299999999999999,1.1596551211459383,2.9699999999999998,1,0ejC9wujLDO1ECeFO3U0Zt7Ehq43
0522,1.0,0190,1.315,anxiety,,0.0,0.134350288425444,0.31499999999999995,0.134350288425444,2.315,0,0ejC9wujLDO1ECeFO3U0Zt7Ehq43
0648,1.065,0460,2.245,anxiety,,0.0919238815542511,0.982878425849301,1.1800000000000002,1.074802307403552,3.31,0,0ejC9wujLDO1ECeFO3U0Zt7Ehq43
0194,4.949999999999999,1848,1.985,joy,,0.028284271247461926,1.3647160876900368,2.964999999999999,1.3930003589374989,6.935,1,0ejC9wujLDO1ECeFO3U0Zt7Ehq43
1012,1.875,1698,1.02,joy,,0.03535533905932725,0.028284271247461926,0.855,0.06363961030678918,2.895,1,0ejC9wujLDO1ECeFO3U0Zt7Ehq43
1114,1.9,1642,1.025,anxiety,,0.12727922061357852,0.03535533905932741,0.875,0.16263455967290594,2.925,1,0ejC9wujLDO1ECeFO3U0Zt7Ehq43
1932,5.945,2060,2.99,joy,,0.07778174593052045,0.07071067811865482,2.955,0.1484924240491753,8.935,1,0ejC9wujLDO1ECeFO3U0Zt7Ehq43
1206,1.9249999999999998,1365,1.0350000000000001,joy,,0.06363961030678934,0.049497474683058366,0.8899999999999997,0.1131370849898477,2.96,1,0ejC9wujLDO1ECeFO3U0Zt7Ehq43
1037,1.0,1492,1.615,anxiety,,0.0,0.4737615433949868,0.615,0.4737615433949868,2.615,0,0ejC9wujLDO1ECeFO3U0Zt7Ehq43
0395,1.975,1402,1.02,anxiety,,1.3788582233137678,0.028284271247461926,0.9550000000000001,1.4071424945612299,2.995,1,0ejC9wujLDO1ECeFO3U0Zt7Ehq43
1206,1.9249999999999998,0194,4.949999999999999,joy,,0.06363961030678934,0.028284271247461926,3.0249999999999995,0.09192388155425127,6.874999999999999,0,0ejC9wujLDO1ECeFO3U0Zt7Ehq43
1012,1.875,1692,1.5899999999999999,joy,,0.03535533905932725,0.6505382386916236,0.28500000000000014,0.685893577750951,3.465,1,0ejC9wujLDO1ECeFO3U0Zt7Ehq43
0083,4.0649999999999995,1503,1.02,joy,,0.27577164466275333,0.028284271247461926,3.0449999999999995,0.30405591591021525,5.084999999999999,1,0ejC9wujLDO1ECeFO3U0Zt7Ehq43
0174,4.1899999999999995,2060,2.99,joy,,0.028284271247461926,0.07071067811865482,1.1999999999999993,0.09899494936611675,7.18,1,0ejC9wujLDO1ECeFO3U0Zt7Ehq43
0083,4.0649999999999995,1365,1.0350000000000001,joy,4.36,0.27577164466275333,0.049497474683058366,3.0299999999999994,0.3252691193458117,5.1,1,0ejC9wujLDO1ECeFO3U0Zt7Ehq43
1898,1.2349999999999999,0982,2.395,joy,6,0.2899137802864844,0.6717514421272203,1.1600000000000001,0.9616652224137047,3.63,0,0ejC9wujLDO1ECeFO3U0Zt7Ehq43
1850,2.7750000000000004,0864,3.115,joy,,0.10606601717798206,0.1767766952966369,0.33999999999999986,0.28284271247461895,5.890000000000001,0,0ejC9wujLDO1ECeFO3U0Zt7Ehq43
0722,1.99,0758,1.0350000000000001,anxiety,,1.4000714267493641,0.021213203435596444,0.9549999999999998,1.4212846301849607,3.0250000000000004,1,0ejC9wujLDO1ECeFO3U0Zt7Ehq43
0548,2.915,0744,1.7349999999999999,anxiety,,0.0919238815542511,0.3747665940288702,1.1800000000000002,0.46669047558312127,4.65,1,0ejC9wujLDO1ECeFO3U0Zt7Ehq43
0864,3.115,1012,1.875,joy,,0.1767766952966369,0.03535533905932725,1.2400000000000002,0.21213203435596414,4.99,1,0ejC9wujLDO1ECeFO3U0Zt7Ehq43
0190,1.315,1402,1.02,anxiety,,0.134350288425444,0.028284271247461926,0.29499999999999993,0.1626345596729059,2.335,1,0ejC9wujLDO1ECeFO3U0Zt7Ehq43
0522,1.0,0489,1.95,anxiety,,0.0,1.1313708498984762,0.95,1.1313708498984762,2.95,0,0ejC9wujLDO1ECeFO3U0Zt7Ehq43
0046,1.35,1402,1.02,anxiety,,0.3535533905932738,0.028284271247461926,0.33000000000000007,0.3818376618407357,2.37,1,0ejC9wujLDO1ECeFO3U0Zt7Ehq43
0489,1.95,1642,1.025,anxiety,5.79,1.1313708498984762,0.03535533905932741,0.925,1.1667261889578036,2.9749999999999996,1,0ejC9wujLDO1ECeFO3U0Zt7Ehq43
0864,3.115,1206,1.9249999999999998,joy,,0.1767766952966369,0.06363961030678934,1.1900000000000004,0.24041630560342625,5.04,1,0ejC9wujLDO1ECeFO3U0Zt7Ehq43
0046,1.35,1642,1.025,anxiety,,0.3535533905932738,0.03535533905932741,0.3250000000000002,0.3889087296526012,2.375,1,0ejC9wujLDO1ECeFO3U0Zt7Ehq43
0452,4.545,1692,1.5899999999999999,joy,,0.5586143571373726,0.6505382386916236,2.955,1.2091525958289964,6.135,1,0ejC9wujLDO1ECeFO3U0Zt7Ehq43
1492,1.615,0758,1.0350000000000001,anxiety,,0.4737615433949868,0.021213203435596444,0.5799999999999998,0.49497474683058323,2.6500000000000004,1,0ejC9wujLDO1ECeFO3U0Zt7Ehq43
1402,1.02,1492,1.615,anxiety,,0.028284271247461926,0.4737615433949868,0.595,0.5020458146424487,2.635,0,0ejC9wujLDO1ECeFO3U0Zt7Ehq43
1777,4.22,2130,1.2149999999999999,anxiety,,0.1131370849898477,0.021213203435596444,3.005,0.13435028842544414,5.435,1,0ejC9wujLDO1ECeFO3U0Zt7Ehq43
0911,1.37,0758,1.0350000000000001,anxiety,,0.5232590180780452,0.021213203435596444,0.33499999999999996,0.5444722215136416,2.4050000000000002,1,0ejC9wujLDO1ECeFO3U0Zt7Ehq43
0174,4.1899999999999995,1898,1.2349999999999999,joy,,0.028284271247461926,0.2899137802864844,2.9549999999999996,0.3181980515339463,5.424999999999999,1,0ejC9wujLDO1ECeFO3U0Zt7Ehq43
1692,1.5899999999999999,1698,1.02,joy,6.97,0.6505382386916236,0.028284271247461926,0.5699999999999998,0.6788225099390855,2.61,1,0ejC9wujLDO1ECeFO3U0Zt7Ehq43
1692,1.5899999999999999,1171,1.025,joy,4.89,0.6505382386916236,0.03535533905932741,0.565,0.6858935777509511,2.6149999999999998,1,0ejC9wujLDO1ECeFO3U0Zt7Ehq43
1206,1.9249999999999998,1343,1.2850000000000001,joy,,0.06363961030678934,0.40305086527633216,0.6399999999999997,0.4666904755831215,3.21,1,0ejC9wujLDO1ECeFO3U0Zt7Ehq43
1206,1.9249999999999998,1191,1.03,joy,,0.06363961030678934,0.0,0.8949999999999998,0.06363961030678934,2.955,1,0ejC9wujLDO1ECeFO3U0Zt7Ehq43
1114,1.9,1402,1.02,anxiety,,0.12727922061357852,0.028284271247461926,0.8799999999999999,0.15556349186104046,2.92,1,0ejC9wujLDO1ECeFO3U0Zt7Ehq43
0083,4.0649999999999995,1698,1.02,joy,,0.27577164466275333,0.028284271247461926,3.0449999999999995,0.30405591591021525,5.084999999999999,1,0ejC9wujLDO1ECeFO3U0Zt7Ehq43
1206,1.9249999999999998,1692,1.5899999999999999,joy,,0.06363961030678934,0.6505382386916236,0.33499999999999996,0.714177848998413,3.5149999999999997,1,0ejC9wujLDO1ECeFO3U0Zt7Ehq43
2130,1.2149999999999999,0969,2.38,anxiety,,0.021213203435596444,0.6363961030678928,1.165,0.6576093065034893,3.5949999999999998,0,0ejC9wujLDO1ECeFO3U0Zt7Ehq43
0460,2.245,1037,1.0,anxiety,,0.982878425849301,0.0,1.245,0.982878425849301,3.245,1,0ejC9wujLDO1ECeFO3U0Zt7Ehq43
1848,1.985,1428,1.4300000000000002,joy,3.68,1.3647160876900368,0.6081118318204309,0.5549999999999999,1.9728279195104679,3.415,1,0ejC9wujLDO1ECeFO3U0Zt7Ehq43
1848,1.985,1160,1.4449999999999998,joy,,1.3647160876900368,0.2899137802864844,0.5400000000000003,1.6546298679765212,3.4299999999999997,1,0ejC9wujLDO1ECeFO3U0Zt7Ehq43
0046,1.35,1037,1.0,anxiety,6.53,0.3535533905932738,0.0,0.3500000000000001,0.3535533905932738,2.35,1,0ejC9wujLDO1ECeFO3U0Zt7Ehq43
0046,1.35,0758,1.0350000000000001,anxiety,,0.3535533905932738,0.021213203435596444,0.31499999999999995,0.37476659402887025,2.3850000000000002,1,0ejC9wujLDO1ECeFO3U0Zt7Ehq43
2060,2.99,1580,2.715,joy,5.63,0.07071067811865482,0.3606244584051394,0.27500000000000036,0.43133513652379424,5.705,1,0ejC9wujLDO1ECeFO3U0Zt7Ehq43
1114,1.9,1037,1.0,anxiety,6.55,0.12727922061357852,0.0,0.8999999999999999,0.12727922061357852,2.9,1,0ejC9wujLDO1ECeFO3U0Zt7Ehq43
0377,1.565,1037,1.0,anxiety,,0.657609306503489,0.0,0.565,0.657609306503489,2.565,1,0ejC9wujLDO1ECeFO3U0Zt7Ehq43
1692,1.5899999999999999,1503,1.02,joy,,0.6505382386916236,0.028284271247461926,0.5699999999999998,0.6788225099390855,2.61,1,0ejC9wujLDO1ECeFO3U0Zt7Ehq43
0460,2.245,1402,1.02,anxiety,6.79,0.982878425849301,0.028284271247461926,1.225,1.0111626970967629,3.265,1,0ejC9wujLDO1ECeFO3U0Zt7Ehq43
1012,1.875,1343,1.2850000000000001,joy,,0.03535533905932725,0.40305086527633216,0.5899999999999999,0.4384062043356594,3.16,1,0ejC9wujLDO1ECeFO3U0Zt7Ehq43
0452,4.545,0844,1.49,joy,,0.5586143571373726,0.6929646455628166,3.0549999999999997,1.2515790027001892,6.035,1,0ejC9wujLDO1ECeFO3U0Zt7Ehq43
1114,1.9,0522,1.0,anxiety,,0.12727922061357852,0.0,0.8999999999999999,0.12727922061357852,2.9,1,0ejC9wujLDO1ECeFO3U0Zt7Ehq43
1743,2.0,1160,1.4449999999999998,joy,,0.07071067811865465,0.2899137802864844,0.5550000000000002,0.36062445840513907,3.445,1,0ejC9wujLDO1ECeFO3U0Zt7Ehq43
1692,1.5899999999999999,1343,1.2850000000000001,joy,,0.6505382386916236,0.40305086527633216,0.3049999999999997,1.0535891039679557,2.875,1,0ejC9wujLDO1ECeFO3U0Zt7Ehq43
1206,1.9249999999999998,1503,1.02,joy,6.78,0.06363961030678934,0.028284271247461926,0.9049999999999998,0.09192388155425127,2.945,1,0ejC9wujLDO1ECeFO3U0Zt7Ehq43
0046,1.35,1114,1.9,anxiety,6.95,0.3535533905932738,0.12727922061357852,0.5499999999999998,0.4808326112068523,3.25,0,0ejC9wujLDO1ECeFO3U0Zt7Ehq43
0083,4.0649999999999995,1281,1.0550000000000002,joy,,0.27577164466275333,0.007071067811865481,3.0099999999999993,0.28284271247461884,5.119999999999999,1,0ejC9wujLDO1ECeFO3U0Zt7Ehq43
0460,2.245,0758,1.0350000000000001,anxiety,,0.982878425849301,0.021213203435596444,1.21,1.0040916292848974,3.2800000000000002,1,0ejC9wujLDO1ECeFO3U0Zt7Ehq43
0190,1.315,1642,1.025,anxiety,,0.134350288425444,0.03535533905932741,0.29000000000000004,0.16970562748477142,2.34,1,0ejC9wujLDO1ECeFO3U0Zt7Ehq43
1661,5.01,1698,2.0,joy,,0.028284271247461926,1.3859292911256331,3.01,1.4142135623730951,7.01,1,3SWetrRpRJdKgPEMPoRIclTnlsr2
0377,7.0,0722,6.05,anxiety,,0.0,1.3435028842544405,0.9500000000000002,1.3435028842544405,13.05,1,3SWetrRpRJdKgPEMPoRIclTnlsr2
1679,5.535,0489,2.48,anxiety,,0.685893577750951,0.8202438661763952,3.055,1.5061374439273463,8.015,1,3SWetrRpRJdKgPEMPoRIclTnlsr2
1012,2.935,1898,2.0,joy,,0.049497474683058526,0.042426406871192736,0.935,0.09192388155425127,4.9350000000000005,1,3SWetrRpRJdKgPEMPoRIclTnlsr2
1037,4.04,0758,1.03,anxiety,,2.8708535316173833,0.04242640687119289,3.01,2.9132799384885764,5.07,1,3SWetrRpRJdKgPEMPoRIclTnlsr2
0194,5.915,1661,5.01,joy,,1.3788582233137672,0.028284271247461926,0.9050000000000002,1.4071424945612292,10.925,1,3SWetrRpRJdKgPEMPoRIclTnlsr2
1767,7.0,0115,3.9650000000000003,anxiety,,0.0,1.4354267658086917,3.0349999999999997,1.4354267658086917,10.965,1,3SWetrRpRJdKgPEMPoRIclTnlsr2
1171,4.04,1743,1.01,joy,6.92,1.428355697996826,0.0,3.0300000000000002,1.428355697996826,5.05,1,3SWetrRpRJdKgPEMPoRIclTnlsr2
0194,5.915,1343,5.57,joy,,1.3788582233137672,0.7212489168102788,0.34499999999999975,2.100107140124046,11.485,1,3SWetrRpRJdKgPEMPoRIclTnlsr2
2060,2.42,1932,1.545,joy,,0.7636753236814714,0.48790367901871773,0.875,1.2515790027001892,3.965,1,3SWetrRpRJdKgPEMPoRIclTnlsr2
1737,7.0,0115,3.9650000000000003,anxiety,,0.0,1.4354267658086917,3.0349999999999997,1.4354267658086917,10.965,1,3SWetrRpRJdKgPEMPoRIclTnlsr2
0491,1.565,1777,2.445,anxiety,,0.7848885271170678,0.6151828996322964,0.8799999999999999,1.4000714267493644,4.01,0,3SWetrRpRJdKgPEMPoRIclTnlsr2
1365,1.94,1743,1.01,joy,,0.028284271247461926,0.0,0.9299999999999999,0.028284271247461926,2.95,1,3SWetrRpRJdKgPEMPoRIclTnlsr2
1661,5.01,1898,2.0,joy,,0.028284271247461926,0.042426406871192736,3.01,0.07071067811865467,7.01,1,3SWetrRpRJdKgPEMPoRIclTnlsr2
0115,3.9650000000000003,0730,4.525,anxiety,6.97,1.4354267658086917,2.184959953866432,0.56,3.620386719675124,8.49,0,3SWetrRpRJdKgPEMPoRIclTnlsr2
1580,3.5650000000000004,2060,2.42,joy,,2.128391411371508,0.7636753236814714,1.1450000000000005,2.8920667350529796,5.985,1,3SWetrRpRJdKgPEMPoRIclTnlsr2
1159,1.505,2060,2.42,joy,,0.7141778489984129,0.7636753236814714,0.915,1.4778531726798843,3.925,0,3SWetrRpRJdKgPEMPoRIclTnlsr2
1171,4.04,1206,1.0,joy,,1.428355697996826,0.0,3.04,1.428355697996826,5.04,1,3SWetrRpRJdKgPEMPoRIclTnlsr2
1114,5.9399999999999995,0522,2.9050000000000002,anxiety,,0.014142135623731277,0.007071067811865638,3.0349999999999993,0.021213203435596916,8.844999999999999,1,3SWetrRpRJdKgPEMPoRIclTnlsr2
0452,2.48,1932,1.545,joy,,0.664680374315355,0.48790367901871773,0.935,1.1525840533340728,4.025,1,3SWetrRpRJdKgPEMPoRIclTnlsr2
1428,1.49,2060,2.42,joy,,0.6505382386916236,0.7636753236814714,0.9299999999999999,1.414213562373095,3.91,0,3SWetrRpRJdKgPEMPoRIclTnlsr2
0489,2.48,1402,1.5699999999999998,anxiety,,0.8202438661763952,0.6505382386916235,0.9100000000000001,1.4707821048680187,4.05,1,3SWetrRpRJdKgPEMPoRIclTnlsr2
0194,5.915,0982,6.52,joy,,1.3788582233137672,0.6222539674441617,0.6049999999999995,2.001112190757929,12.434999999999999,0,3SWetrRpRJdKgPEMPoRIclTnlsr2
1580,3.5650000000000004,0174,2.9850000000000003,joy,,2.128391411371508,0.021213203435596288,0.5800000000000001,2.1496046148071044,6.550000000000001,1,3SWetrRpRJdKgPEMPoRIclTnlsr2
1698,2.0,1012,2.935,joy,,1.3859292911256331,0.049497474683058526,0.935,1.4354267658086917,4.9350000000000005,0,3SWetrRpRJdKgPEMPoRIclTnlsr2
1683,5.45,1850,5.7,joy,,0.7636753236814714,0.4808326112068521,0.25,1.2445079348883235,11.15,0,3SWetrRpRJdKgPEMPoRIclTnlsr2
0730,4.525,1402,1.5699999999999998,anxiety,,2.184959953866432,0.6505382386916235,2.9550000000000005,2.8354981925580556,6.095000000000001,1,3SWetrRpRJdKgPEMPoRIclTnlsr2
0174,2.9850000000000003,2060,2.42,joy,6.9,0.021213203435596288,0.7636753236814714,0.5650000000000004,0.7848885271170677,5.405,1,3SWetrRpRJdKgPEMPoRIclTnlsr2
0730,4.525,0271,1.49,anxiety,,2.184959953866432,0.6929646455628166,3.035,2.8779245994292486,6.015000000000001,1,3SWetrRpRJdKgPEMPoRIclTnlsr2
1283,6.0,0395,6.949999999999999,anxiety,,1.4142135623730951,0.028284271247461926,0.9499999999999993,1.4424978336205572,12.95,0,3SWetrRpRJdKgPEMPoRIclTnlsr2
0548,5.49,0489,2.48,anxiety,,0.7071067811865476,0.8202438661763952,3.0100000000000002,1.5273506473629428,7.970000000000001,1,3SWetrRpRJdKgPEMPoRIclTnlsr2
0452,2.48,1191,1.9249999999999998,joy,,0.664680374315355,0.021213203435596444,0.5550000000000002,0.6858935777509514,4.404999999999999,1,3SWetrRpRJdKgPEMPoRIclTnlsr2
1932,1.545,1206,1.0,joy,7,0.48790367901871773,0.0,0.5449999999999999,0.48790367901871773,2.545,1,3SWetrRpRJdKgPEMPoRIclTnlsr2
1850,5.7,0083,5.955,joy,,0.4808326112068521,0.049497474683058526,0.2549999999999999,0.5303300858899106,11.655000000000001,0,3SWetrRpRJdKgPEMPoRIclTnlsr2
1503,3.5199999999999996,1012,2.935,joy,,2.107178207935912,0.049497474683058526,0.5849999999999995,2.15667568261897,6.455,1,3SWetrRpRJdKgPEMPoRIclTnlsr2
2130,5.495,1777,2.445,anxiety,6.22,0.7283199846221434,0.6151828996322964,3.0500000000000003,1.3435028842544399,7.9399999999999995,1,3SWetrRpRJdKgPEMPoRIclTnlsr2
0722,6.05,2130,5.495,anxiety,,1.3435028842544405,0.7283199846221434,0.5549999999999997,2.071822868876584,11.545,1,3SWetrRpRJdKgPEMPoRIclTnlsr2
2060,2.42,0864,1.4849999999999999,joy,5.78,0.7636753236814714,0.6858935777509511,0.935,1.4495689014324225,3.905,1,3SWetrRpRJdKgPEMPoRIclTnlsr2
2130,5.495,0489,2.48,anxiety,,0.7283199846221434,0.8202438661763952,3.015,1.5485638507985386,7.975,1,3SWetrRpRJdKgPEMPoRIclTnlsr2
1661,5.01,1343,5.57,joy,,0.028284271247461926,0.7212489168102788,0.5600000000000005,0.7495331880577407,10.58,0,3SWetrRpRJdKgPEMPoRIclTnlsr2
2102,3.0,2060,2.42,joy,,2.7860007178749973,0.7636753236814714,0.5800000000000001,3.5496760415564688,5.42,1,3SWetrRpRJdKgPEMPoRIclTnlsr2
1683,5.45,0452,2.48,joy,,0.7636753236814714,0.664680374315355,2.97,1.4283556979968264,7.93,1,3SWetrRpRJdKgPEMPoRIclTnlsr2
1777,2.445,1402,1.5699999999999998,anxiety,6.98,0.6151828996322964,0.6505382386916235,0.875,1.26572113832392,4.015,1,3SWetrRpRJdKgPEMPoRIclTnlsr2
1580,3.5650000000000004,2102,3.0,joy,,2.128391411371508,2.7860007178749973,0.5650000000000004,4.914392129246505,6.565,1,3SWetrRpRJdKgPEMPoRIclTnlsr2
1661,5.01,0844,2.01,joy,,0.028284271247461926,1.3152186130069783,3.0,1.3435028842544403,7.02,1,3SWetrRpRJdKgPEMPoRIclTnlsr2
1191,1.9249999999999998,1743,1.01,joy,6.6,0.021213203435596444,0.0,0.9149999999999998,0.021213203435596444,2.9349999999999996,1,3SWetrRpRJdKgPEMPoRIclTnlsr2
1642,1.4449999999999998,0911,2.0199999999999996,anxiety,,0.6293250352560272,0.014142135623730963,0.5749999999999997,0.6434671708797582,3.4649999999999994,0,3SWetrRpRJdKgPEMPoRIclTnlsr2
1012,2.935,0083,5.955,joy,,0.049497474683058526,0.049497474683058526,3.02,0.09899494936611705,8.89,0,3SWetrRpRJdKgPEMPoRIclTnlsr2
0489,2.48,0491,1.565,anxiety,,0.8202438661763952,0.7848885271170678,0.915,1.605132393293463,4.045,1,3SWetrRpRJdKgPEMPoRIclTnlsr2
0982,6.52,1503,3.5199999999999996,joy,,0.6222539674441617,2.107178207935912,3.0,2.7294321753800737,10.04,1,3SWetrRpRJdKgPEMPoRIclTnlsr2
0969,1.0350000000000001,1037,4.04,anxiety,,0.049497474683058366,2.8708535316173833,3.005,2.9203510063004416,5.075,0,3SWetrRpRJdKgPEMPoRIclTnlsr2
1160,1.45,1698,2.0,joy,5.34,0.6363961030678927,1.3859292911256331,0.55,2.0223253941935257,3.45,0,3SWetrRpRJdKgPEMPoRIclTnlsr2
1114,5.9399999999999995,2121,6.515000000000001,anxiety,,0.014142135623731277,0.629325035256027,0.5750000000000011,0.6434671708797582,12.455,0,3SWetrRpRJdKgPEMPoRIclTnlsr2
0982,6.52,1580,3.5650000000000004,joy,,0.6222539674441617,2.128391411371508,2.954999999999999,2.75064537881567,10.085,1,3SWetrRpRJdKgPEMPoRIclTnlsr2
1012,2.935,0844,2.01,joy,,0.049497474683058526,1.3152186130069783,0.9250000000000003,1.3647160876900368,4.945,1,3SWetrRpRJdKgPEMPoRIclTnlsr2
1114,5.9399999999999995,0190,6.515000000000001,anxiety,,0.014142135623731277,0.685893577750951,0.5750000000000011,0.7000357133746822,12.455,0,3SWetrRpRJdKgPEMPoRIclTnlsr2
1767,7.0,0722,6.05,anxiety,,0.0,1.3435028842544405,0.9500000000000002,1.3435028842544405,13.05,1,3SWetrRpRJdKgPEMPoRIclTnlsr2
1160,1.45,1898,2.0,joy,,0.6363961030678927,0.042426406871192736,0.55,0.6788225099390854,3.45,0,3SWetrRpRJdKgPEMPoRIclTnlsr2
0730,4.525,0491,1.565,anxiety,6.45,2.184959953866432,0.7848885271170678,2.9600000000000004,2.9698484809835,6.09,1,3SWetrRpRJdKgPEMPoRIclTnlsr2
0083,5.955,2102,3.0,joy,,0.049497474683058526,2.7860007178749973,2.955,2.8354981925580556,8.955,1,3SWetrRpRJdKgPEMPoRIclTnlsr2
0452,2.48,1365,1.94,joy,,0.664680374315355,0.028284271247461926,0.54,0.6929646455628169,4.42,1,3SWetrRpRJdKgPEMPoRIclTnlsr2
0395,6.949999999999999,0115,3.9650000000000003,anxiety,6.96,0.028284271247461926,1.4354267658086917,2.984999999999999,1.4637110370561537,10.915,1,3SWetrRpRJdKgPEMPoRIclTnlsr2
1737,7.0,0722,6.05,anxiety,6.99,0.0,1.3435028842544405,0.9500000000000002,1.3435028842544405,13.05,1,3SWetrRpRJdKgPEMPoRIclTnlsr2
0548,5.49,1777,2.445,anxiety,,0.7071067811865476,0.6151828996322964,3.0450000000000004,1.322289680818844,7.9350000000000005,1,3SWetrRpRJdKgPEMPoRIclTnlsr2
1580,3.5650000000000004,1012,2.935,joy,,2.128391411371508,0.049497474683058526,0.6300000000000003,2.1778888860545664,6.5,1,3SWetrRpRJdKgPEMPoRIclTnlsr2
1848,1.495,2060,2.42,joy,,0.7000357133746821,0.7636753236814714,0.9249999999999998,1.4637110370561535,3.915,0,3SWetrRpRJdKgPEMPoRIclTnlsr2
1191,1.9249999999999998,1206,1.0,joy,6.89,0.021213203435596444,0.0,0.9249999999999998,0.021213203435596444,2.925,1,3SWetrRpRJdKgPEMPoRIclTnlsr2
0046,7.0,0722,6.05,anxiety,,0.0,1.3435028842544405,0.9500000000000002,1.3435028842544405,13.05,1,3SWetrRpRJdKgPEMPoRIclTnlsr2
1777,2.445,0271,1.49,anxiety,,0.6151828996322964,0.6929646455628166,0.9549999999999998,1.308147545195113,3.9349999999999996,1,3SWetrRpRJdKgPEMPoRIclTnlsr2
1692,7.0,1171,4.04,joy,7,0.0,1.428355697996826,2.96,1.428355697996826,11.04,1,3SWetrRpRJdKgPEMPoRIclTnlsr2
0194,5.915,1012,2.935,joy,,1.3788582233137672,0.049497474683058526,2.98,1.4283556979968257,8.85,1,3SWetrRpRJdKgPEMPoRIclTnlsr2
0083,5.955,0174,2.9850000000000003,joy,6.99,0.049497474683058526,0.021213203435596288,2.9699999999999998,0.07071067811865481,8.940000000000001,1,3SWetrRpRJdKgPEMPoRIclTnlsr2
0460,7.0,0722,6.05,anxiety,,0.0,1.3435028842544405,0.9500000000000002,1.3435028842544405,13.05,1,3SWetrRpRJdKgPEMPoRIclTnlsr2
0722,6.05,0548,5.49,anxiety,,1.3435028842544405,0.7071067811865476,0.5599999999999996,2.050609665440988,11.54,1,3SWetrRpRJdKgPEMPoRIclTnlsr2
1683,5.45,2060,2.42,joy,,0.7636753236814714,0.7636753236814714,3.0300000000000002,1.5273506473629428,7.87,1,3SWetrRpRJdKgPEMPoRIclTnlsr2
0395,6.949999999999999,1492,6.02,anxiety,,0.028284271247461926,0.014142135623731277,0.9299999999999997,0.0424264068711932,12.969999999999999,1,3SWetrRpRJdKgPEMPoRIclTnlsr2
0844,2.01,1160,1.45,joy,,1.3152186130069783,0.6363961030678927,0.5599999999999998,1.9516147160748711,3.46,1,3SWetrRpRJdKgPEMPoRIclTnlsr2
1365,1.94,1206,1.0,joy,,0.028284271247461926,0.0,0.94,0.028284271247461926,2.94,1,3SWetrRpRJdKgPEMPoRIclTnlsr2
0522,2.9050000000000002,0911,2.0199999999999996,anxiety,,0.007071067811865638,0.014142135623730963,0.8850000000000007,0.0212132034355966,4.925,1,3SWetrRpRJdKgPEMPoRIclTnlsr2
0395,6.949999999999999,0722,6.05,anxiety,6.9,0.028284271247461926,1.3435028842544405,0.8999999999999995,1.3717871555019026,13.0,1,3SWetrRpRJdKgPEMPoRIclTnlsr2
